設置校舎,学年,時間割CD,履修期名,曜日,1,2,3,4,5,6,科目名,特記事項,教員,教員,教員,教員,教員,教員,教員,教員,教員,教員,教員,教員,教員,教員,教員,教員,教員,教員,教員,教員,教員,教員,教員,教員,教員,教員,教員,教員,教員,教員,教員,教員,教室,教室,教室,教室,教室,教室,教室,教室,教室,教室,教室
船橋,1,K11A,前期,月,○,,,,,,応用情報工学インセンティブ,,香取　照臣,高橋　聖,西脇　大輔,保谷　哲也,細野　裕行,松野　裕,望月　寛,五味　悠一郎,澤邉　知子,滕　琳,村上　知里,山口　健,関　弘翔,,,,,,,,,,,,,,,,,,,,1131,,,,,,,,,,
船橋,1,K11B,後期,月,○,,,,,,情報基礎演習Ⅱ,,高橋　聖,保谷　哲也,松野　裕,五味　悠一郎,,,,,,,,,,,,,,,,,,,,,,,,,,,,,241,1201(PC演習室),1204(PC演習室),1442,,,,,,,
船橋,2,K12A,前期,月,,○,,,,,情報デバイス,,五味　悠一郎,山口　健,,,,,,,,,,,,,,,,,,,,,,,,,,,,,,,241,,,,,,,,,,
船橋,2,K12B,後期,月,,○,,,,,離散数学,,松野　裕,村上　知里,,,,,,,,,,,,,,,,,,,,,,,,,,,,,,,階段教室(小),,,,,,,,,,
船橋,3,K12C,前期,月,,○,,,,,応用数学,,細野　裕行,関　弘翔,,,,,,,,,,,,,,,,,,,,,,,,,,,,,,,1113,,,,,,,,,,
船橋,3,K12D,後期,月,,○,,,,,データベース,,関　弘翔,,,,,,,,,,,,,,,,,,,,,,,,,,,,,,,,1113,1201(PC演習室),1204(PC演習室),,,,,,,,
船橋,1,K13A,年間隔週,月,,,○,○,,,情報工学実験Ⅰ,年間隔週授業,香取　照臣,西脇　大輔,澤邉　知子,滕　琳,笠島　正明,,,,,,,,,,,,,,,,,,,,,,,,,,,,231(実験室),1223(PC演習室),,,,,,,,,
船橋,3,K13B,年間,月,,,○,○,,,情報工学実験Ⅲ,,保谷　哲也,松野　裕,村上　知里,関　弘翔,宮崎　比呂志,,,,,,,,,,,,,,,,,,,,,,,,,,,,221(実験室),,,,,,,,,,
船橋,4,K13C,前期,月,,,○,,,,コンピュータグラフィックス,,吉川　浩,山口　健,,,,,,,,,,,,,,,,,,,,,,,,,,,,,,,222,,,,,,,,,,
船橋,1,K21A,前期隔週,火,○,○,,,,,自主創造の基礎,前期隔週授業,鈴木　功士,時田　伊津子,中村　文紀,山口　健,望月　寛,村上　知里,,,,,,,,,,,,,,,,,,,,,,,,,,,1032,,,,,,,,,,
船橋,3,K21B,前期,火,○,,,,,,ディジタル信号処理,,望月　寛,,,,,,,,,,,,,,,,,,,,,,,,,,,,,,,,1113,,,,,,,,,,
船橋,3,K21C,後期,火,○,,,,,,人工知能,,西脇　大輔,滕　琳,,,,,,,,,,,,,,,,,,,,,,,,,,,,,,,1022,,,,,,,,,,
船橋,2,K22A,前期,火,,○,,,,,計算機工学Ⅱ,,西脇　大輔,村上　知里,,,,,,,,,,,,,,,,,,,,,,,,,,,,,,,1033,,,,,,,,,,
船橋,2,K22B,後期,火,,○,,,,,キャリアデザイン入門,,篠原　昭夫,,,,,,,,,,,,,,,,,,,,,,,,,,,,,,,,1422,,,,,,,,,,
船橋,3,K22C,前期,火,,○,,,,,組込システムⅠ,,望月　寛,,,,,,,,,,,,,,,,,,,,,,,,,,,,,,,,1113,,,,,,,,,,
船橋,3,K22D,後期,火,,○,,,,,システム工学,電子・情報の共同開講,高橋　聖,,,,,,,,,,,,,,,,,,,,,,,,,,,,,,,,1012,,,,,,,,,,
船橋,4,K22E,前期,火,,○,,,,,マルチメディア,,吉川　浩,,,,,,,,,,,,,,,,,,,,,,,,,,,,,,,,1433,,,,,,,,,,
船橋,2,K23A,年間,火,,,○,○,,,情報工学実験Ⅱ,,高橋　聖,細野　裕行,望月　寛,山口　健,櫻庭　秀次,,,,,,,,,,,,,,,,,,,,,,,,,,,,221(実験室),,,,,,,,,,
船橋,3,K23B,前期,火,,,○,,,,計測システム,,布施　匡章,,,,,,,,,,,,,,,,,,,,,,,,,,,,,,,,1443,,,,,,,,,,
船橋,3,K23C,後期,火,,,○,,,,マネジメント工学,,五味　悠一郎,篠原　昭夫,,,,,,,,,,,,,,,,,,,,,,,,,,,,,,,241,1443,,,,,,,,,
船橋,3,K24A,年間隔週,火,,,,○,,,インターンシップ,年間隔週授業,西脇　大輔,澤邉　知子,,,,,,,,,,,,,,,,,,,,,,,,,,,,,,,1443,,,,,,,,,,
船橋,4,K24B,前期,火,,,,○,,,オートマトン,,保谷　哲也,,,,,,,,,,,,,,,,,,,,,,,,,,,,,,,,1422,,,,,,,,,,
船橋,2,K25A,前期,火,,,,,○,,幾何概論Ⅰ,,大越　健斗　,,,,,,,,,,,,,,,,,,,,,,,,,,,,,,,,1013,,,,,,,,,,
船橋,2,K25B,後期,火,,,,,○,,幾何概論Ⅱ,,齋藤　洋樹,,,,,,,,,,,,,,,,,,,,,,,,,,,,,,,,1012,,,,,,,,,,
船橋,2,K26A,前期,火,,,,,,○,情報社会と倫理,,宮崎　智絵,,,,,,,,,,,,,,,,,,,,,,,,,,,,,,,,1011,,,,,,,,,,
船橋,1,K31A,前期,水,○,,,,,,情報基礎演習Ⅰ,,西脇　大輔,澤邉　知子,山口　健,関　弘翔,,,,,,,,,,,,,,,,,,,,,,,,,,,,,241,1021,1201(PC演習室),1204(PC演習室),,,,,,,
船橋,1,K31B,後期,水,○,○,,,,,Ｃプログラミング及び演習,,香取　照臣,滕　琳,関　弘翔,,,,,,,,,,,,,,,,,,,,,,,,,,,,,,1201(PC演習室),1204(PC演習室),,,,,,,,,
船橋,2,K31C,後期,水,○,,,,,,数値計算法,,高橋　聖,,,,,,,,,,,,,,,,,,,,,,,,,,,,,,,,1012,,,,,,,,,,
船橋,3,K31D,前期,水,○,,,,,,制御理論,,保谷　哲也,,,,,,,,,,,,,,,,,,,,,,,,,,,,,,,,1023,,,,,,,,,,
船橋,3,K31E,後期,水,○,,,,,,オペレーティングシステム,,望月　寛,,,,,,,,,,,,,,,,,,,,,,,,,,,,,,,,1444,,,,,,,,,,
船橋,4,K31F,後期,水,○,,,,,,特殊無線概論,,三枝　健二,,,,,,,,,,,,,,,,,,,,,,,,,,,,,,,,1442,,,,,,,,,,
船橋,1,K32A,前期,水,,○,,,,,論理回路,１クラス用,滕　琳,,,,,,,,,,,,,,,,,,,,,,,,,,,,,,,,1021,,,,,,,,,,
船橋,1,K32B,前期,水,,○,,,,,論理回路,２クラス用,香取　照臣,,,,,,,,,,,,,,,,,,,,,,,,,,,,,,,,1022,,,,,,,,,,
船橋,2,K32C,前期,水,,○,,,,,組込回路Ⅰ,,村上　知里,,,,,,,,,,,,,,,,,,,,,,,,,,,,,,,,1222(PC演習室),1442,,,,,,,,,
船橋,2,K32D,後期,水,,○,,,,,情報ネットワーク基礎,,澤邉　知子,,,,,,,,,,,,,,,,,,,,,,,,,,,,,,,,1326,,,,,,,,,,
船橋,3,K32E,前期,水,,○,,,,,ネットワークシステム,,澤邉　知子,,,,,,,,,,,,,,,,,,,,,,,,,,,,,,,,1023,,,,,,,,,,
船橋,3,K32F,後期,水,,○,,,,,パターン認識,,西脇　大輔,,,,,,,,,,,,,,,,,,,,,,,,,,,,,,,,1444,,,,,,,,,,
船橋,4,K32G,前期,水,,○,,,,,交通情報システム,,高橋　聖,高橋　聡,,,,,,,,,,,,,,,,,,,,,,,,,,,,,,,1444,,,,,,,,,,
船橋,1,K33A,前期,水,,,○,,,,線形代数学Ⅰ,,五十嵐　威文,,,,,,,,,,,,,,,,,,,,,,,,,,,,,,,,1032,,,,,,,,,,
船橋,1,K33B,後期,水,,,○,,,,線形代数学Ⅱ,,梅田　耕平,,,,,,,,,,,,,,,,,,,,,,,,,,,,,,,,1032,,,,,,,,,,
船橋,2,K33C,年間,水,,,○,,,,データ構造とアルゴリズム及び演習,,香取　照臣,,,,,,,,,,,,,,,,,,,,,,,,,,,,,,,,1121,1201(PC演習室),1204(PC演習室),,,,,,,,
船橋,3,K33D,年間,水,,,○,○,,,情報工学実験Ⅲ,,保谷　哲也,松野　裕,五味　悠一郎,村上　知里,関　弘翔,宮崎　比呂志,,,,,,,,,,,,,,,,,,,,,,,,,,,221(実験室),,,,,,,,,,
船橋,4,K33E,後期,水,,,○,,,,ロボット工学,,入江　寿弘,,,,,,,,,,,,,,,,,,,,,,,,,,,,,,,,1441,,,,,,,,,,
船橋,2,K34A,前期,水,,,,○,,,数値解析,,西脇　大輔,,,,,,,,,,,,,,,,,,,,,,,,,,,,,,,,1441,,,,,,,,,,
船橋,1,K41A,前期,木,○,,,,,,微分積分学Ⅰ,,渡邉　健太,,,,,,,,,,,,,,,,,,,,,,,,,,,,,,,,1043,,,,,,,,,,
船橋,1,K41B,後期,木,○,,,,,,微分積分学Ⅱ,,渡邉　健太,,,,,,,,,,,,,,,,,,,,,,,,,,,,,,,,1043,,,,,,,,,,
船橋,3,K41C,前期,木,○,,,,,,画像処理,,香取　照臣,,,,,,,,,,,,,,,,,,,,,,,,,,,,,,,,1011,,,,,,,,,,
船橋,3,K41D,後期,木,○,,,,,,応用情報工学キャリアデザイン,,香取　照臣,高橋　聖,西脇　大輔,保谷　哲也,細野　裕行,松野　裕,望月　寛,吉川　浩,五味　悠一郎,澤邉　知子,滕　琳,村上　知里,山口　健,関　弘翔,,,,,,,,,,,,,,,,,,,241,,,,,,,,,,
船橋,4,K41E,前期,木,○,,,,,,組込システムⅡ,,松野　裕,望月　寛,,,,,,,,,,,,,,,,,,,,,,,,,,,,,,,1433,,,,,,,,,,
船橋,1,K42A,前期,木,,○,,,,,物理学Ⅰ,１クラス用,岡田　悟志,,,,,,,,,,,,,,,,,,,,,,,,,,,,,,,,1042,,,,,,,,,,
船橋,1,K42B,前期,木,,○,,,,,物理学Ⅰ,２クラス用,野手　順一,,,,,,,,,,,,,,,,,,,,,,,,,,,,,,,,1043,,,,,,,,,,
船橋,1,K42C,後期,木,,○,,,,,物理学Ⅱ,１クラス用,岡田　悟志,,,,,,,,,,,,,,,,,,,,,,,,,,,,,,,,1042,,,,,,,,,,
船橋,1,K42D,後期,木,,○,,,,,物理学Ⅱ,２クラス用,野手　順一,,,,,,,,,,,,,,,,,,,,,,,,,,,,,,,,1043,,,,,,,,,,
船橋,2,K42E,前期,木,,○,,,,,情報数学,,滕　琳,,,,,,,,,,,,,,,,,,,,,,,,,,,,,,,,1011,,,,,,,,,,
船橋,2,K42F,後期,木,,○,,,,,組込回路Ⅱ,,村上　知里,,,,,,,,,,,,,,,,,,,,,,,,,,,,,,,,1431,,,,,,,,,,
船橋,4,K42G,前期,木,,○,,,,,情報通信システム,,澤邉　知子,,,,,,,,,,,,,,,,,,,,,,,,,,,,,,,,1433,,,,,,,,,,
船橋,1,K43A,前期,木,,,○,,,,物理学Ⅰ演習,,岡田　悟志,野手　順一,勝木　厚成,,,,,,,,,,,,,,,,,,,,,,,,,,,,,,624,625,634,,,,,,,,
船橋,1,K43B,後期,木,,,○,,,,物理学Ⅱ演習,,岡田　悟志,野手　順一,勝木　厚成,,,,,,,,,,,,,,,,,,,,,,,,,,,,,,624,625,634,,,,,,,,
船橋,2,K43C,年間,木,,,○,○,,,情報工学実験Ⅱ,,高橋　聖,望月　寛,山口　健,櫻庭　秀次,,,,,,,,,,,,,,,,,,,,,,,,,,,,,221(実験室),,,,,,,,,,
船橋,3,K43D,前期,木,,,○,,,,ソフトウェア工学,,松野　裕,,,,,,,,,,,,,,,,,,,,,,,,,,,,,,,,1012,,,,,,,,,,
船橋,1,K44A,前期,木,,,,○,,,英語ⅠA,,金森　強,,,,,,,,,,,,,,,,,,,,,,,,,,,,,,,,1132,,,,,,,,,,
船橋,1,K44B,前期,木,,,,○,,,英語ⅠA,,河口　伸子,,,,,,,,,,,,,,,,,,,,,,,,,,,,,,,,1133,,,,,,,,,,
船橋,1,K44C,前期,木,,,,○,,,英語ⅠA,,髙橋　比路史,,,,,,,,,,,,,,,,,,,,,,,,,,,,,,,,1141,,,,,,,,,,
船橋,1,K44D,後期,木,,,,○,,,英語ⅠB,,金森　強,,,,,,,,,,,,,,,,,,,,,,,,,,,,,,,,1132（可能ならば1233）,,,,,,,,,,
船橋,1,K44E,後期,木,,,,○,,,英語ⅠB,,河口　伸子,,,,,,,,,,,,,,,,,,,,,,,,,,,,,,,,1133,,,,,,,,,,
船橋,1,K44F,後期,木,,,,○,,,英語ⅠB,,髙橋　比路史,,,,,,,,,,,,,,,,,,,,,,,,,,,,,,,,1141,,,,,,,,,,
船橋,3,K51A,前期,金,○,,,,,,シミュレーション工学,,西脇　大輔,,,,,,,,,,,,,,,,,,,,,,,,,,,,,,,,1131,,,,,,,,,,
船橋,1,K52A,前期,金,,○,,,,,回路理論Ⅰ,１クラス用,山口　健,,,,,,,,,,,,,,,,,,,,,,,,,,,,,,,,1431,,,,,,,,,,
船橋,1,K52B,前期,金,,○,,,,,回路理論Ⅰ,２クラス用,澤邉　知子,村上　知里,,,,,,,,,,,,,,,,,,,,,,,,,,,,,,,1432,,,,,,,,,,
船橋,1,K52C,後期,金,,○,,,,,回路理論Ⅱ,１クラス用,山口　健,,,,,,,,,,,,,,,,,,,,,,,,,,,,,,,,1431,,,,,,,,,,
船橋,1,K52D,後期,金,,○,,,,,回路理論Ⅱ,２クラス用,澤邉　知子,村上　知里,,,,,,,,,,,,,,,,,,,,,,,,,,,,,,,1432,,,,,,,,,,
船橋,2,K52E,前期,金,,○,,,,,オブジェクト指向プログラミング,,滕　琳,,,,,,,,,,,,,,,,,,,,,,,,,,,,,,,,1423,,,,,,,,,,
船橋,2,K52F,後期,金,,○,,,,,Javaプログラミング,,吉川　浩,,,,,,,,,,,,,,,,,,,,,,,,,,,,,,,,1201(PC演習室),1204(PC演習室),,,,,,,,,
船橋,3,K52G,前期,金,,○,,,,,情報理論,,関　弘翔,,,,,,,,,,,,,,,,,,,,,,,,,,,,,,,,1131,,,,,,,,,,
船橋,3,K52H,後期,金,,○,,,,,通信システム基礎,,細野　裕行,,,,,,,,,,,,,,,,,,,,,,,,,,,,,,,,1131,,,,,,,,,,
船橋,1,K53A,後期,金,,,○,,,,計算機工学Ⅰ,,西脇　大輔,村上　知里,,,,,,,,,,,,,,,,,,,,,,,,,,,,,,,1133,,,,,,,,,,
船橋,2,K53B,後期,金,,,○,,,,信号理論,,細野　裕行,,,,,,,,,,,,,,,,,,,,,,,,,,,,,,,,1032,,,,,,,,,,
船橋,3,K53C,前期,金,,,○,,,,応用統計,,松野　裕,村上　知里,,,,,,,,,,,,,,,,,,,,,,,,,,,,,,,1131,,,,,,,,,,
船橋,3,K53D,後期,金,,,○,,,,オプトエレクトロニクス,,吉川　浩,,,,,,,,,,,,,,,,,,,,,,,,,,,,,,,,1131,,,,,,,,,,
船橋,4,K53E,前期,金,,,○,○,,,プロジェクト実習,,香取　照臣,西脇　大輔,五味　悠一郎,澤邉　知子,滕　琳,笠島　正明,,,,,,,,,,,,,,,,,,,,,,,,,,,241,,,,,,,,,,
船橋,4,K53F,後期,金,,,○,,,,データマイニング,,滕　琳,,,,,,,,,,,,,,,,,,,,,,,,,,,,,,,,1454,,,,,,,,,,
船橋,2,K54A,前期,金,,,,○,,,電気物理,,細野　裕行,,,,,,,,,,,,,,,,,,,,,,,,,,,,,,,,1433,,,,,,,,,,
船橋,2,K54B,後期,金,,,,○,,,情報セキュリティ基礎,,五味　悠一郎,,,,,,,,,,,,,,,,,,,,,,,,,,,,,,,,1202(PC演習室),1234,,,,,,,,,
船橋,3,K54C,後期,金,,,,○,,,応用情報工学総合演習,,細野　裕行,望月　寛,澤邉　知子,滕　琳,村上　知里,,,,,,,,,,,,,,,,,,,,,,,,,,,,1434,1443,,,,,,,,,
船橋,4,K54D,後期,金,,,,○,,,環境情報,,三枝　健二,西川　省吾,織田　利彦,,,,,,,,,,,,,,,,,,,,,,,,,,,,,,1454,,,,,,,,,,
船橋,1,K55A,後期,金,,,,,○,,物質の構造と状態,,大宅　淳一,,,,,,,,,,,,,,,,,,,,,,,,,,,,,,,,1133,,,,,,,,,,
船橋,2,K56A,前期,金,,,,,,○,情報職業論,,山口　敏和,,,,,,,,,,,,,,,,,,,,,,,,,,,,,,,,1424,,,,,,,,,,
船橋,2,K56B,前期,金,,,,,,○,代数概論Ⅰ,,渡邉　健太,,,,,,,,,,,,,,,,,,,,,,,,,,,,,,,,1421,,,,,,,,,,
船橋,2,K56C,後期,金,,,,,,○,代数概論Ⅱ,,大越　健斗　,,,,,,,,,,,,,,,,,,,,,,,,,,,,,,,,1421,,,,,,,,,,
船橋,4,K66A,年間,土,,,,,,○,卒業研究,,香取　照臣,高橋　聖,西脇　大輔,保谷　哲也,細野　裕行,松野　裕,望月　寛,吉川　浩,五味　悠一郎,澤邉　知子,滕　琳,村上　知里,山口　健,関　弘翔,,,,,,,,,,,,,,,,,,,授業実施場所は別途連絡,,,,,,,,,,
船橋,2,S11A,前期,月,○,,,,,,微分方程式Ⅰ,,多田　秀樹,,,,,,,,,,,,,,,,,,,,,,,,,,,,,,,,1132,,,,,,,,,,
船橋,2,S11B,後期,月,○,,,,,,微分方程式Ⅱ,,渡邉　健太,,,,,,,,,,,,,,,,,,,,,,,,,,,,,,,,1132,,,,,,,,,,
駿河台,2,T11A,前期,月,○,,,,,,English Communication Ⅰ,,IAN EDWARD ELLSWORTH,,,,,,,,,,,,,,,,,,,,,,,,,,,,,,,,S203,,,,,,,,,,
駿河台,2,T11B,前期,月,○,,,,,,English Communication Ⅰ,,R･C・Lavey,,,,,,,,,,,,,,,,,,,,,,,,,,,,,,,,S303,,,,,,,,,,
駿河台,2,T11C,後期,月,○,,,,,,English Communication Ⅱ,,IAN EDWARD ELLSWORTH,,,,,,,,,,,,,,,,,,,,,,,,,,,,,,,,S203,,,,,,,,,,
駿河台,2,T11D,後期,月,○,,,,,,English Communication Ⅱ,,R･C・Lavey,,,,,,,,,,,,,,,,,,,,,,,,,,,,,,,,S303,,,,,,,,,,
駿河台,3,T11E,前期,月,○,,,,,,英語特殊講義A,機械，応化，物理 履修推奨時限,水戸　俊介,,,,,,,,,,,,,,,,,,,,,,,,,,,,,,,,143,,,,,,,,,,
駿河台,3,T11F,前期,月,○,,,,,,英語特殊講義A,機械，応化，物理 履修推奨時限,青木　啓子,,,,,,,,,,,,,,,,,,,,,,,,,,,,,,,,S201,,,,,,,,,,
駿河台,3,T11G,前期,月,○,,,,,,英語特殊講義A,機械，応化，物理 履修推奨時限,冨樫　壮央,,,,,,,,,,,,,,,,,,,,,,,,,,,,,,,,144,,,,,,,,,,
駿河台,3,T11H,前期,月,○,,,,,,英語特殊講義A,機械，応化，物理 履修推奨時限,金子　利雄,,,,,,,,,,,,,,,,,,,,,,,,,,,,,,,,S304,,,,,,,,,,
駿河台,3,T11I,前期,月,○,,,,,,英語特殊講義B,機械，応化，物理 履修推奨時限,小中　秀彦,,,,,,,,,,,,,,,,,,,,,,,,,,,,,,,,133,,,,,,,,,,
駿河台,3,T11J,前期,月,○,,,,,,英語特殊講義B,機械，応化，物理 履修推奨時限,鈴木　孝,,,,,,,,,,,,,,,,,,,,,,,,,,,,,,,,151,,,,,,,,,,
駿河台,3,T11K,前期,月,○,,,,,,英語特殊講義B,機械，応化，物理 履修推奨時限,ｼﾞｮﾅｻﾝ･ﾊﾘｿﾝ,,,,,,,,,,,,,,,,,,,,,,,,,,,,,,,,S405,,,,,,,,,,
駿河台,3,T11L,前期,月,○,,,,,,英語特殊講義B,機械，応化，物理 履修推奨時限,髙坂　映子,,,,,,,,,,,,,,,,,,,,,,,,,,,,,,,,154,,,,,,,,,,
駿河台,3,T11M,前期,月,○,,,,,,英語特殊講義B,機械，応化，物理 履修推奨時限,鷲尾　郁,,,,,,,,,,,,,,,,,,,,,,,,,,,,,,,,131,,,,,,,,,,
駿河台,3,T11N,後期,月,○,,,,,,英語特殊講義A,機械，応化，物理 履修推奨時限,水戸　俊介,,,,,,,,,,,,,,,,,,,,,,,,,,,,,,,,143,,,,,,,,,,
駿河台,3,T11O,後期,月,○,,,,,,英語特殊講義A,機械，応化，物理 履修推奨時限,金子　利雄,,,,,,,,,,,,,,,,,,,,,,,,,,,,,,,,S304,,,,,,,,,,
駿河台,3,T11P,後期,月,○,,,,,,英語特殊講義B,機械，応化，物理 履修推奨時限,ｼﾞｮﾅｻﾝ･ﾊﾘｿﾝ,,,,,,,,,,,,,,,,,,,,,,,,,,,,,,,,S405,,,,,,,,,,
駿河台,3,T11Q,後期,月,○,,,,,,英語特殊講義B,機械，応化，物理 履修推奨時限,鷲尾　郁,,,,,,,,,,,,,,,,,,,,,,,,,,,,,,,,131,,,,,,,,,,
船橋,1,P12A,前期,月,,○,,,,,スポーツⅠ,競技：サッカー,原仲　碧,,,,,,,,,,,,,,,,,,,,,,,,,,,,,,,,授業実施場所は別途連絡,,,,,,,,,,
船橋,1,P12B,前期,月,,○,,,,,スポーツⅠ,競技：バレーボール,小沼　直子,,,,,,,,,,,,,,,,,,,,,,,,,,,,,,,,授業実施場所は別途連絡,,,,,,,,,,
船橋,1,P12C,前期,月,,○,,,,,スポーツⅠ,競技：トレーニング,重城　哲,,,,,,,,,,,,,,,,,,,,,,,,,,,,,,,,授業実施場所は別途連絡,,,,,,,,,,
船橋,1,P12D,前期,月,,○,,,,,スポーツⅠ,競技：卓球,鈴木　功士,,,,,,,,,,,,,,,,,,,,,,,,,,,,,,,,授業実施場所は別途連絡,,,,,,,,,,
船橋,1,P12E,前期,月,,○,,,,,スポーツⅠ,競技：ソフトボール,進藤　大典,,,,,,,,,,,,,,,,,,,,,,,,,,,,,,,,授業実施場所は別途連絡,,,,,,,,,,
船橋,1,P12F,前期,月,,○,,,,,スポーツⅠ,競技：テニス,髙橋　亮輔,,,,,,,,,,,,,,,,,,,,,,,,,,,,,,,,授業実施場所は別途連絡,,,,,,,,,,
船橋,1,P12G,前期,月,,○,,,,,スポーツⅠ,競技：バスケットボール,服部　英恵,,,,,,,,,,,,,,,,,,,,,,,,,,,,,,,,授業実施場所は別途連絡,,,,,,,,,,
船橋,1,P12H,前期,月,,○,,,,,スポーツⅠ,競技：バドミントン,安住　文子,,,,,,,,,,,,,,,,,,,,,,,,,,,,,,,,授業実施場所は別途連絡,,,,,,,,,,
船橋,1,P12I,前期,月,,○,,,,,スポーツⅠ,競技：ニュースポーツ,沖　和磨,,,,,,,,,,,,,,,,,,,,,,,,,,,,,,,,授業実施場所は別途連絡,,,,,,,,,,
船橋,1,P12J,前期,月,,○,,,,,スポーツⅠ,競技：ゴルフ,東中　友哉,,,,,,,,,,,,,,,,,,,,,,,,,,,,,,,,授業実施場所は別途連絡,,,,,,,,,,
船橋,1,Q12A,後期,月,,○,,,,,スポーツⅡ,競技：バレーボール,小沼　直子,,,,,,,,,,,,,,,,,,,,,,,,,,,,,,,,授業実施場所は別途連絡,,,,,,,,,,
船橋,1,Q12B,後期,月,,○,,,,,スポーツⅡ,競技：バスケットボール,服部　英恵,,,,,,,,,,,,,,,,,,,,,,,,,,,,,,,,授業実施場所は別途連絡,,,,,,,,,,
船橋,1,Q12C,後期,月,,○,,,,,健康の科学,,重城　哲,,,,,,,,,,,,,,,,,,,,,,,,,,,,,,,,1012,,,,,,,,,,
船橋,1,Q12D,後期,月,,○,,,,,スポーツⅡ,競技：ソフトボール,進藤　大典,,,,,,,,,,,,,,,,,,,,,,,,,,,,,,,,授業実施場所は別途連絡,,,,,,,,,,
船橋,1,Q12E,後期,月,,○,,,,,スポーツⅡ,競技：サッカー,鈴木　功士,,,,,,,,,,,,,,,,,,,,,,,,,,,,,,,,授業実施場所は別途連絡,,,,,,,,,,
船橋,1,Q12F,後期,月,,○,,,,,スポーツⅡ,競技：テニス,髙橋　亮輔,,,,,,,,,,,,,,,,,,,,,,,,,,,,,,,,授業実施場所は別途連絡,,,,,,,,,,
船橋,1,Q12G,後期,月,,○,,,,,スポーツⅡ,競技：バドミントン・卓球,安住　文子,,,,,,,,,,,,,,,,,,,,,,,,,,,,,,,,授業実施場所は別途連絡,,,,,,,,,,
船橋,1,Q12H,後期,月,,○,,,,,スポーツⅡ,競技：ニュースポーツ,沖　和磨,,,,,,,,,,,,,,,,,,,,,,,,,,,,,,,,授業実施場所は別途連絡,,,,,,,,,,
船橋,1,Q12I,後期,月,,○,,,,,スポーツⅡ,競技：ゴルフ,東中　友哉,,,,,,,,,,,,,,,,,,,,,,,,,,,,,,,,授業実施場所は別途連絡,,,,,,,,,,
船橋,3,S12A,後期,月,,○,,,,,英語特殊講義A,,秋庭　大悟,,,,,,,,,,,,,,,,,,,,,,,,,,,,,,,,1011,,,,,,,,,,
駿河台,2,T12A,前期,月,,○,,,,,心理学,Ⅱ群,伊藤　令枝,,,,,,,,,,,,,,,,,,,,,,,,,,,,,,,,153,,,,,,,,,,
駿河台,2,T12B,前期,月,,○,,,,,English Communication Ⅰ,,R･C・Lavey,,,,,,,,,,,,,,,,,,,,,,,,,,,,,,,,S303,,,,,,,,,,
駿河台,2,T12C,前期,月,,○,,,,,English Communication Ⅰ,,IAN EDWARD ELLSWORTH,,,,,,,,,,,,,,,,,,,,,,,,,,,,,,,,S203,,,,,,,,,,
駿河台,2,T12D,後期,月,,○,,,,,心理学,Ⅱ群,伊藤　令枝,,,,,,,,,,,,,,,,,,,,,,,,,,,,,,,,153,,,,,,,,,,
駿河台,2,T12E,後期,月,,○,,,,,English Communication Ⅱ,,R･C・Lavey,,,,,,,,,,,,,,,,,,,,,,,,,,,,,,,,S303,,,,,,,,,,
駿河台,2,T12F,後期,月,,○,,,,,English Communication Ⅱ,,IAN EDWARD ELLSWORTH,,,,,,,,,,,,,,,,,,,,,,,,,,,,,,,,S203,,,,,,,,,,
駿河台,3,T12G,前期,月,,○,,,,,英語特殊講義A,土木，建築，まち 履修推奨時限,水戸　俊介,,,,,,,,,,,,,,,,,,,,,,,,,,,,,,,,143,,,,,,,,,,
駿河台,3,T12H,前期,月,,○,,,,,英語特殊講義A,土木，建築，まち 履修推奨時限,青木　啓子,,,,,,,,,,,,,,,,,,,,,,,,,,,,,,,,S201,,,,,,,,,,
駿河台,3,T12I,前期,月,,○,,,,,英語特殊講義A,土木，建築，まち 履修推奨時限,冨樫　壮央,,,,,,,,,,,,,,,,,,,,,,,,,,,,,,,,144,,,,,,,,,,
駿河台,3,T12J,前期,月,,○,,,,,英語特殊講義A,土木，建築，まち 履修推奨時限,金子　利雄,,,,,,,,,,,,,,,,,,,,,,,,,,,,,,,,S304,,,,,,,,,,
駿河台,3,T12K,前期,月,,○,,,,,英語特殊講義B,土木，建築，まち 履修推奨時限,小中　秀彦,,,,,,,,,,,,,,,,,,,,,,,,,,,,,,,,133,,,,,,,,,,
駿河台,3,T12L,前期,月,,○,,,,,英語特殊講義B,土木，建築，まち 履修推奨時限,鈴木　孝,,,,,,,,,,,,,,,,,,,,,,,,,,,,,,,,151,,,,,,,,,,
駿河台,3,T12M,前期,月,,○,,,,,英語特殊講義B,土木，建築，まち 履修推奨時限,ｼﾞｮﾅｻﾝ･ﾊﾘｿﾝ,,,,,,,,,,,,,,,,,,,,,,,,,,,,,,,,S405,,,,,,,,,,
駿河台,3,T12N,前期,月,,○,,,,,英語特殊講義B,土木，建築，まち 履修推奨時限,髙坂　映子,,,,,,,,,,,,,,,,,,,,,,,,,,,,,,,,154,,,,,,,,,,
駿河台,3,T12O,前期,月,,○,,,,,英語特殊講義B,土木，建築，まち 履修推奨時限,鷲尾　郁,,,,,,,,,,,,,,,,,,,,,,,,,,,,,,,,131,,,,,,,,,,
駿河台,3,T12P,後期,月,,○,,,,,英語特殊講義A,土木，建築，まち 履修推奨時限,水戸　俊介,,,,,,,,,,,,,,,,,,,,,,,,,,,,,,,,143,,,,,,,,,,
駿河台,3,T12Q,後期,月,,○,,,,,英語特殊講義A,土木，建築，まち 履修推奨時限,金子　利雄,,,,,,,,,,,,,,,,,,,,,,,,,,,,,,,,S304,,,,,,,,,,
駿河台,3,T12R,後期,月,,○,,,,,英語特殊講義B,土木，建築，まち 履修推奨時限,ｼﾞｮﾅｻﾝ･ﾊﾘｿﾝ,,,,,,,,,,,,,,,,,,,,,,,,,,,,,,,,S405,,,,,,,,,,
駿河台,3,T12S,後期,月,,○,,,,,英語特殊講義B,土木，建築，まち 履修推奨時限,鷲尾　郁,,,,,,,,,,,,,,,,,,,,,,,,,,,,,,,,131,,,,,,,,,,
船橋,1,P13J,年間隔週,月,,,○,○,,,基礎物理学実験,年間隔週授業,岡田　悟志,坂元　啓紀,植村　千尋,秋葉　昭太,安田　健人,井口　英雄,,,,,,,,,,,,,,,,,,,,,,,,,,,105(第5物理実験室A),106(第5物理実験室B),113(物理第四実験室),134(物理第三実験室),143(物理第一実験室),144(物理第二実験室),,,,,
船橋,2,S14A,前期,月,,,,○,,,関数論Ⅰ,,梅田　耕平,,,,,,,,,,,,,,,,,,,,,,,,,,,,,,,,1133,,,,,,,,,,
船橋,2,S14B,後期,月,,,,○,,,関数論Ⅱ,,梅田　耕平,,,,,,,,,,,,,,,,,,,,,,,,,,,,,,,,1133,,,,,,,,,,
船橋,1,S15A,前期,月,,,,,○,,日本国憲法,Ⅰ群,天野　聖悦,,,,,,,,,,,,,,,,,,,,,,,,,,,,,,,,1021,,,,,,,,,,
船橋,1,S15B,前期,月,,,,,○,,日本語表現の基礎,Ⅱ群,市川　浩昭,,,,,,,,,,,,,,,,,,,,,,,,,,,,,,,,1013,,,,,,,,,,
船橋,1,S15C,前期,月,,,,,○,,技術者倫理,Ⅲ群,勢力　尚雅,,,,,,,,,,,,,,,,,,,,,,,,,,,,,,,,1011,,,,,,,,,,
船橋,1,S15D,後期,月,,,,,○,,法学,Ⅰ群,天野　聖悦,,,,,,,,,,,,,,,,,,,,,,,,,,,,,,,,1013,,,,,,,,,,
船橋,1,S15E,後期,月,,,,,○,,日本語表現の基礎,Ⅱ群,市川　浩昭,,,,,,,,,,,,,,,,,,,,,,,,,,,,,,,,1033,,,,,,,,,,
船橋,1,S15F,後期,月,,,,,○,,科学技術と人間,Ⅲ群,勢力　尚雅,,,,,,,,,,,,,,,,,,,,,,,,,,,,,,,,1032,,,,,,,,,,
船橋,1,S15G,後期,月,,,,,○,,科学技術と経済,Ⅲ群,藤木　秀明,,,,,,,,,,,,,,,,,,,,,,,,,,,,,,,,1023,,,,,,,,,,
船橋,1,S15H,後期,月,,,,,○,,科学技術史,Ⅲ群／オンライン授業（オンデマンド）,雨宮　高久,,,,,,,,,,,,,,,,,,,,,,,,,,,,,,,,オンライン,,,,,,,,,,
船橋,1,S15I,後期,月,,,,,○,,熱とエントロピーの物理学,,鈴木　徳一,,,,,,,,,,,,,,,,,,,,,,,,,,,,,,,,1011,,,,,,,,,,
船橋,2,S15J,前期,月,,,,,○,,物理学Ⅱ,再履修用科目,秋葉　昭太,,,,,,,,,,,,,,,,,,,,,,,,,,,,,,,,1032,,,,,,,,,,
船橋,2,X15A,前期,月,,,,,○,,学）博物館情報・メディア論,,山本　和清,門馬　英一郎,,,,,,,,,,,,,,,,,,,,,,,,,,,,,,,1458,,,,,,,,,,
駿河台,2,T15A,前期,月,,,,,○,,科学技術史,Ⅲ群,雨宮　高久,,,,,,,,,,,,,,,,,,,,,,,,,,,,,,,,852,,,,,,,,,,
駿河台,2,T15B,前期,月,,,,,○,,熱とエントロピーの物理学,,大塚　隆巧,,,,,,,,,,,,,,,,,,,,,,,,,,,,,,,,S504,,,,,,,,,,
駿河台,2,T15C,前期,月,,,,,○,,数理統計学Ⅰ,,安部　公輔,,,,,,,,,,,,,,,,,,,,,,,,,,,,,,,,S201,,,,,,,,,,
駿河台,2,T15D,前期,月,,,,,○,,物質の構造と状態,,村上　雅彦,,,,,,,,,,,,,,,,,,,,,,,,,,,,,,,,S203,,,,,,,,,,
駿河台,2,T15E,前期,月,,,,,○,,物理学Ⅱ演習,,瀧　哲朗,,,,,,,,,,,,,,,,,,,,,,,,,,,,,,,,134,,,,,,,,,,
駿河台,2,Y15B,前期,月,,,,,○,,教）発達と学習,,伊藤　令枝,,,,,,,,,,,,,,,,,,,,,,,,,,,,,,,,133,,,,,,,,,,
駿河台,2,T15F,後期,月,,,,,○,,電気と磁気の物理学,,大塚　隆巧,,,,,,,,,,,,,,,,,,,,,,,,,,,,,,,,S504,,,,,,,,,,
駿河台,2,T15G,後期,月,,,,,○,,数理統計学Ⅱ,,安部　公輔,,,,,,,,,,,,,,,,,,,,,,,,,,,,,,,,S201,,,,,,,,,,
駿河台,2,T15H,後期,月,,,,,○,,物質の構造と状態,,村上　雅彦,,,,,,,,,,,,,,,,,,,,,,,,,,,,,,,,S203,,,,,,,,,,
駿河台,2,Y15C,後期,月,,,,,○,,教）教育相談,,伊藤　令枝,,,,,,,,,,,,,,,,,,,,,,,,,,,,,,,,133,,,,,,,,,,
船橋,1,S16A,前期,月,,,,,,○,日本の科学技術(留),オンライン授業（オンデマンド）,伊藤　賢一,,,,,,,,,,,,,,,,,,,,,,,,,,,,,,,,オンライン,,,,,,,,,,
船橋,1,S16B,後期,月,,,,,,○,日本の文化(留）,オンライン授業（オンデマンド）,岸　規子,,,,,,,,,,,,,,,,,,,,,,,,,,,,,,,,オンライン,,,,,,,,,,
駿河台,2,T22A,前期,火,,○,,,,,関数論Ⅰ,,山崎　晋,,,,,,,,,,,,,,,,,,,,,,,,,,,,,,,,131,,,,,,,,,,
駿河台,2,T22B,後期,火,,○,,,,,関数論Ⅱ,,山崎　晋,,,,,,,,,,,,,,,,,,,,,,,,,,,,,,,,131,,,,,,,,,,
船橋,1,P23F,前期,火,,,○,,,,感性芸術学,Ⅱ群,今村　淳,,,,,,,,,,,,,,,,,,,,,,,,,,,,,,,,1031,,,,,,,,,,
船橋,1,P23G,前期,火,,,○,,,,哲学,Ⅱ群,谷田　雄毅,,,,,,,,,,,,,,,,,,,,,,,,,,,,,,,,1042,,,,,,,,,,
船橋,1,P23H,前期,火,,,○,,,,科学技術と人間,Ⅲ群,佐々木　慎吾,,,,,,,,,,,,,,,,,,,,,,,,,,,,,,,,1032,,,,,,,,,,
船橋,1,P23I,前期,火,,,○,,,,技術者倫理,Ⅲ群,壁谷　彰慶,,,,,,,,,,,,,,,,,,,,,,,,,,,,,,,,1033,,,,,,,,,,
船橋,1,P23J,前期,火,,,○,,,,科学技術と経済,Ⅲ群,藤木　秀明,,,,,,,,,,,,,,,,,,,,,,,,,,,,,,,,1041,,,,,,,,,,
船橋,1,P23K,前期,火,,,○,,,,知的財産権論,Ⅲ群／オンライン授業（オンデマンド）,三村　淳一,,,,,,,,,,,,,,,,,,,,,,,,,,,,,,,,オンライン,,,,,,,,,,
船橋,1,S23A,前期,火,,,○,,,,地理学,,梶山　貴弘,,,,,,,,,,,,,,,,,,,,,,,,,,,,,,,,1043,,,,,,,,,,
船橋,1,Q23F,後期,火,,,○,,,,哲学,Ⅱ群,壁谷　彰慶,,,,,,,,,,,,,,,,,,,,,,,,,,,,,,,,1031,,,,,,,,,,
船橋,1,Q23G,後期,火,,,○,,,,感性芸術学,Ⅱ群,今村　淳,,,,,,,,,,,,,,,,,,,,,,,,,,,,,,,,1032,,,,,,,,,,
船橋,1,Q23H,後期,火,,,○,,,,日本語表現の基礎,Ⅱ群,石尾　奈智子,,,,,,,,,,,,,,,,,,,,,,,,,,,,,,,,1041,,,,,,,,,,
船橋,1,Q23I,後期,火,,,○,,,,技術者倫理,Ⅲ群,勢力　尚雅,,,,,,,,,,,,,,,,,,,,,,,,,,,,,,,,1033,,,,,,,,,,
船橋,1,Q23J,後期,火,,,○,,,,科学技術と人間,Ⅲ群,雨宮　久美,,,,,,,,,,,,,,,,,,,,,,,,,,,,,,,,1042,,,,,,,,,,
船橋,1,S23B,後期,火,,,○,,,,自然環境論,,梶山　貴弘,,,,,,,,,,,,,,,,,,,,,,,,,,,,,,,,1043,,,,,,,,,,
駿河台,2,T23A,前期,火,,,○,,,,微分方程式Ⅰ,,梅田　耕平,,,,,,,,,,,,,,,,,,,,,,,,,,,,,,,,131,,,,,,,,,,
船橋,1,P24A,前期,火,,,,○,,,倫理学,Ⅰ群,勢力　尚雅,,,,,,,,,,,,,,,,,,,,,,,,,,,,,,,,1012,,,,,,,,,,
船橋,1,P24B,前期,火,,,,○,,,文学,Ⅰ群,石尾　奈智子,,,,,,,,,,,,,,,,,,,,,,,,,,,,,,,,1013,,,,,,,,,,
船橋,1,P24C,前期,火,,,,○,,,社会学,Ⅰ群,宮崎　智絵,,,,,,,,,,,,,,,,,,,,,,,,,,,,,,,,1021,,,,,,,,,,
船橋,1,P24D,前期,火,,,,○,,,日本国憲法,Ⅰ群,天野　聖悦,,,,,,,,,,,,,,,,,,,,,,,,,,,,,,,,1022,,,,,,,,,,
船橋,1,P24E,前期,火,,,,○,,,ことばと文化,Ⅰ群,岸　規子,,,,,,,,,,,,,,,,,,,,,,,,,,,,,,,,1023,,,,,,,,,,
船橋,1,Q24A,後期,火,,,,○,,,倫理学,Ⅰ群,佐々木　慎吾,,,,,,,,,,,,,,,,,,,,,,,,,,,,,,,,1012,,,,,,,,,,
船橋,1,Q24B,後期,火,,,,○,,,歴史学,Ⅰ群,青木　学,,,,,,,,,,,,,,,,,,,,,,,,,,,,,,,,1013,,,,,,,,,,
船橋,1,Q24C,後期,火,,,,○,,,ことばと文化,Ⅰ群,岸　規子,,,,,,,,,,,,,,,,,,,,,,,,,,,,,,,,1021,,,,,,,,,,
船橋,1,Q24D,後期,火,,,,○,,,法学,Ⅰ群,天野　聖悦,,,,,,,,,,,,,,,,,,,,,,,,,,,,,,,,1022,,,,,,,,,,
船橋,1,Q24E,後期,火,,,,○,,,経済学,Ⅰ群,藤木　秀明,,,,,,,,,,,,,,,,,,,,,,,,,,,,,,,,1023,,,,,,,,,,
船橋,3,S24A,前期,火,,,,○,,,英語特殊講義A,,乙黒　麻記子,,,,,,,,,,,,,,,,,,,,,,,,,,,,,,,,1043,,,,,,,,,,
駿河台,2,T24A,前期,火,,,,○,,,微分積分学Ⅰ,,山崎　晋,,,,,,,,,,,,,,,,,,,,,,,,,,,,,,,,154,,,,,,,,,,
駿河台,2,T24B,後期,火,,,,○,,,微分積分学Ⅱ,,山崎　晋,,,,,,,,,,,,,,,,,,,,,,,,,,,,,,,,154,,,,,,,,,,
船橋,1,S25A,前期,火,,,,,○,,科学技術と経済,Ⅲ群,藤木　秀明,,,,,,,,,,,,,,,,,,,,,,,,,,,,,,,,1041,,,,,,,,,,
船橋,1,S25B,前期,火,,,,,○,,総合講座,人工知能との共生のかたちを考える,勢力　尚雅,高橋　聖,天野　聖悦,齊藤　健,,,,,,,,,,,,,,,,,,,,,,,,,,,,,1012,,,,,,,,,,
船橋,1,P25A,前期,火,,,,,○,,心理学,Ⅱ群,伊藤　令枝,,,,,,,,,,,,,,,,,,,,,,,,,,,,,,,,1011,,,,,,,,,,
船橋,1,S25C,後期,火,,,,,○,,経済学,Ⅰ群,藤木　秀明,,,,,,,,,,,,,,,,,,,,,,,,,,,,,,,,1023,,,,,,,,,,
船橋,1,S25D,後期,火,,,,,○,,日本語表現の基礎,Ⅱ群,岸　規子,,,,,,,,,,,,,,,,,,,,,,,,,,,,,,,,1031,,,,,,,,,,
船橋,1,S25E,後期,火,,,,,○,,科学技術史,Ⅲ群／オンライン授業（オンデマンド）,小島　智恵子,,,,,,,,,,,,,,,,,,,,,,,,,,,,,,,,オンライン,,,,,,,,,,
船橋,1,S25F,後期,火,,,,,○,,総合講座,人工知能との共生のかたちを考える,勢力　尚雅,高橋　聖,天野　聖悦,齊藤　健,,,,,,,,,,,,,,,,,,,,,,,,,,,,,1033,,,,,,,,,,
船橋,1,S25G,後期,火,,,,,○,,総合講座,環境と人間,柴山　英樹,伊藤　賢一,梶山　貴弘,勝木　厚成,,,,,,,,,,,,,,,,,,,,,,,,,,,,,1032,,,,,,,,,,
船橋,1,Q25A,後期,火,,,,,○,,心理学,Ⅱ群,伊藤　令枝,,,,,,,,,,,,,,,,,,,,,,,,,,,,,,,,1011,,,,,,,,,,
船橋,3,X25D,後期,火,,,,,○,,教）生徒指導・進路指導論,,藤田  耕平,,,,,,,,,,,,,,,,,,,,,,,,,,,,,,,,1424,,,,,,,,,,
船橋,2,S25H,後期,火,,,,,○,,物理学Ⅰ演習,再履修用科目,松尾　洋介,,,,,,,,,,,,,,,,,,,,,,,,,,,,,,,,1131,,,,,,,,,,
駿河台,2,T25A,前期,火,,,,,○,,現代物理学,Ⅲ群,粟生田　健一,,,,,,,,,,,,,,,,,,,,,,,,,,,,,,,,144,,,,,,,,,,
駿河台,2,T25B,前期,火,,,,,○,,物質の変化と性質,,小林　令子,,,,,,,,,,,,,,,,,,,,,,,,,,,,,,,,131,,,,,,,,,,
駿河台,2,Y25E,後期,木,,,,,,○,学）博物館教育論,,江水　是仁,,,,,,,,,,,,,,,,,,,,,,,,,,,,,,,,143,,,,,,,,,,
駿河台,3,Y25F,後期,火,,,,,○,,教）数学科教育法Ⅳ,学科の指定なし,鈴木　潔光,,,,,,,,,,,,,,,,,,,,,,,,,,,,,,,,S501,,,,,,,,,,
駿河台,2,Y26C,夏季集中講義,土,,,,,○,,学）博物館展示論,,今西　諒太,安福　紘大,伊豆原　月絵,,,,,,,,,,,,,,,,,,,,,,,,,,,,,,授業実施場所は別途連絡,,,,,,,,,,
駿河台,2,Y26F,前期,火,,,,,,○,学）博物館資料論,,守重　信郎,,,,,,,,,,,,,,,,,,,,,,,,,,,,,,,,143,,,,,,,,,,
駿河台,2,T32A,前期,水,,○,,,,,健康の科学,,北村　勝朗,,,,,,,,,,,,,,,,,,,,,,,,,,,,,,,,S505,,,,,,,,,,
駿河台,2,T32B,後期,水,,○,,,,,健康の科学,,北村　勝朗,,,,,,,,,,,,,,,,,,,,,,,,,,,,,,,,S402,,,,,,,,,,
駿河台,3,T32C,前期,水,,○,,,,,英語特殊講義A,電気，数学 履修推奨時限,ｼﾞｮｾﾌ･ｼﾞｪｲﾑｽﾞ･ﾌｧﾗｳﾄ,,,,,,,,,,,,,,,,,,,,,,,,,,,,,,,,S201,,,,,,,,,,
駿河台,3,T32D,前期,水,,○,,,,,英語特殊講義A,電気，数学 履修推奨時限,手島　敬子,,,,,,,,,,,,,,,,,,,,,,,,,,,,,,,,153,,,,,,,,,,
駿河台,3,T32E,前期,水,,○,,,,,英語特殊講義B,電気，数学 履修推奨時限,鈴木　孝,,,,,,,,,,,,,,,,,,,,,,,,,,,,,,,,S403,,,,,,,,,,
駿河台,3,T32F,前期,水,,○,,,,,英語特殊講義B,電気，数学 履修推奨時限,ｼﾞｮﾅｻﾝ･ﾊﾘｿﾝ,,,,,,,,,,,,,,,,,,,,,,,,,,,,,,,,171,,,,,,,,,,
駿河台,3,T32G,前期,水,,○,,,,,英語特殊講義B,電気，数学 履修推奨時限,加藤　遼子,,,,,,,,,,,,,,,,,,,,,,,,,,,,,,,,132,,,,,,,,,,
駿河台,3,T32H,後期,水,,○,,,,,英語特殊講義A,電気，数学 履修推奨時限,ｼﾞｮｾﾌ･ｼﾞｪｲﾑｽﾞ･ﾌｧﾗｳﾄ,,,,,,,,,,,,,,,,,,,,,,,,,,,,,,,,S201,,,,,,,,,,
駿河台,3,T32I,後期,水,,○,,,,,英語特殊講義B,電気，数学 履修推奨時限,加藤　遼子,,,,,,,,,,,,,,,,,,,,,,,,,,,,,,,,132,,,,,,,,,,
駿河台,2,T33A,前期,水,,,○,,,,自然環境論,Ⅲ群,梶山　貴弘,,,,,,,,,,,,,,,,,,,,,,,,,,,,,,,,134,,,,,,,,,,
駿河台,2,T33B,後期,水,,,○,,,,地理学,Ⅲ群,梶山　貴弘,,,,,,,,,,,,,,,,,,,,,,,,,,,,,,,,154,,,,,,,,,,
船橋,1,P34A,前期,水,,,,○,,,ドイツ語Ⅰ,,時田　伊津子,,,,,,,,,,,,,,,,,,,,,,,,,,,,,,,,1232,,,,,,,,,,
船橋,1,P34B,前期,水,,,,○,,,ドイツ語Ⅰ,,石山　晃一,,,,,,,,,,,,,,,,,,,,,,,,,,,,,,,,1233,,,,,,,,,,
船橋,1,P34C,前期,水,,,,○,,,ドイツ語Ⅰ,,川上　博子,,,,,,,,,,,,,,,,,,,,,,,,,,,,,,,,1234,,,,,,,,,,
船橋,1,P34D,前期,水,,,,○,,,フランス語Ⅰ,,石部　尚登,,,,,,,,,,,,,,,,,,,,,,,,,,,,,,,,1021,,,,,,,,,,
船橋,1,P34E,前期,水,,,,○,,,中国語Ⅰ,,賈　昕,,,,,,,,,,,,,,,,,,,,,,,,,,,,,,,,1031,,,,,,,,,,
船橋,1,P34F,前期,水,,,,○,,,中国語Ⅰ,,大山　昌道,,,,,,,,,,,,,,,,,,,,,,,,,,,,,,,,1032,,,,,,,,,,
船橋,1,P34G,前期,水,,,,○,,,中国語Ⅰ,,郭　海燕,,,,,,,,,,,,,,,,,,,,,,,,,,,,,,,,1023,,,,,,,,,,
船橋,1,Q34A,後期,水,,,,○,,,ドイツ語Ⅱ,,時田　伊津子,,,,,,,,,,,,,,,,,,,,,,,,,,,,,,,,1232,,,,,,,,,,
船橋,1,Q34B,後期,水,,,,○,,,ドイツ語Ⅱ,,石山　晃一,,,,,,,,,,,,,,,,,,,,,,,,,,,,,,,,1233,,,,,,,,,,
船橋,1,Q34C,後期,水,,,,○,,,ドイツ語Ⅱ,,川上　博子,,,,,,,,,,,,,,,,,,,,,,,,,,,,,,,,1234,,,,,,,,,,
船橋,1,Q34D,後期,水,,,,○,,,フランス語Ⅱ,,石部　尚登,,,,,,,,,,,,,,,,,,,,,,,,,,,,,,,,1021,,,,,,,,,,
船橋,1,Q34E,後期,水,,,,○,,,中国語Ⅱ,,賈　昕,,,,,,,,,,,,,,,,,,,,,,,,,,,,,,,,1031,,,,,,,,,,
船橋,1,Q34F,後期,水,,,,○,,,中国語Ⅱ,,大山　昌道,,,,,,,,,,,,,,,,,,,,,,,,,,,,,,,,1032,,,,,,,,,,
船橋,1,Q34G,後期,水,,,,○,,,中国語Ⅱ,,郭　海燕,,,,,,,,,,,,,,,,,,,,,,,,,,,,,,,,1023,,,,,,,,,,
駿河台,2,T34A,前期,水,,,,○,,,微分積分学Ⅰ,,江村　剛,,,,,,,,,,,,,,,,,,,,,,,,,,,,,,,,142,,,,,,,,,,
駿河台,2,T34B,前期,水,,,,○,,,English Communication Ⅰ,,RobertJason Veenstra,,,,,,,,,,,,,,,,,,,,,,,,,,,,,,,,S402,,,,,,,,,,
駿河台,2,T34C,後期,水,,,,○,,,微分積分学Ⅱ,,江村　剛,,,,,,,,,,,,,,,,,,,,,,,,,,,,,,,,152,,,,,,,,,,
駿河台,2,T34D,後期,水,,,,○,,,English Communication Ⅱ,,RobertJason Veenstra,,,,,,,,,,,,,,,,,,,,,,,,,,,,,,,,S402,,,,,,,,,,
船橋,1,S35A,前期,水,,,,,○,,地球環境化学,Ⅲ群,伊藤　賢一,,,,,,,,,,,,,,,,,,,,,,,,,,,,,,,,1142,,,,,,,,,,
船橋,1,S35B,前期,水,,,,,○,,教養基礎ゼミナール,「子ども」について考える,柴山　英樹,,,,,,,,,,,,,,,,,,,,,,,,,,,,,,,,1133,,,,,,,,,,
船橋,1,S35C,前期,水,,,,,○,,教養基礎ゼミナール,「宇宙の物理」入門,井口　英雄,,,,,,,,,,,,,,,,,,,,,,,,,,,,,,,,1041,,,,,,,,,,
船橋,1,S35D,前期,月,,,,,○,,熱とエントロピーの物理学,,大谷　聡,,,,,,,,,,,,,,,,,,,,,,,,,,,,,,,,1113,,,,,,,,,,
船橋,1,S35E,後期,水,,,,,○,,教養基礎ゼミナール,スポーツ工学,鈴木　功士,,,,,,,,,,,,,,,,,,,,,,,,,,,,,,,,1133,,,,,,,,,,
船橋,1,S35F,後期,水,,,,,○,,教養基礎ゼミナール,化学分野の教育ゲームを創る！,伊藤　賢一,,,,,,,,,,,,,,,,,,,,,,,,,,,,,,,,1142,,,,,,,,,,
船橋,1,S35G,後期,水,,,,,○,,物質の変化と性質,,岡田　真紀,,,,,,,,,,,,,,,,,,,,,,,,,,,,,,,,1143,,,,,,,,,,
船橋,1,S35H,後期,水,,,,,○,,電気と磁気の物理学,,坂元　啓紀,,,,,,,,,,,,,,,,,,,,,,,,,,,,,,,,1141,,,,,,,,,,
船橋,1,X35A,後期,水,,,,,○,,教）発達と学習,,伊藤　令枝,,,,,,,,,,,,,,,,,,,,,,,,,,,,,,,,1421,,,,,,,,,,
船橋,1,X35B,後期,水,,,,,○,,教）教育原論,,柴山　英樹,,,,,,,,,,,,,,,,,,,,,,,,,,,,,,,,1422,,,,,,,,,,
船橋,2,X35C,前期,水,,,,,○,,教）情報科教育法Ⅰ,,五味　悠一郎,,,,,,,,,,,,,,,,,,,,,,,,,,,,,,,,241,,,,,,,,,,
船橋,2,X35F,後期,水,,,,,○,,教）情報科教育法Ⅱ,,五味　悠一郎,,,,,,,,,,,,,,,,,,,,,,,,,,,,,,,,241,,,,,,,,,,
船橋,2,S35I,後期,水,,,,,○,,物理学Ⅰ,再履修用科目,中原　明生,,,,,,,,,,,,,,,,,,,,,,,,,,,,,,,,1011,,,,,,,,,,
船橋,2,S35J,後期,水,,,,,○,,力と運動の物理学Ⅰ,再履修用科目,鈴木　良拓,,,,,,,,,,,,,,,,,,,,,,,,,,,,,,,,1131,,,,,,,,,,
駿河台,2,T35A,前期,水,,,,,○,,地球環境化学,Ⅲ群,村上　雅彦,,,,,,,,,,,,,,,,,,,,,,,,,,,,,,,,S203,,,,,,,,,,
駿河台,2,T35B,前期,水,,,,,○,,数理統計学Ⅰ,,久保田　直樹,,,,,,,,,,,,,,,,,,,,,,,,,,,,,,,,131,,,,,,,,,,
駿河台,2,T35C,前期,水,,,,,○,,物質の構造と状態,,小林　令子,,,,,,,,,,,,,,,,,,,,,,,,,,,,,,,,S304,,,,,,,,,,
駿河台,2,T35D,前期,水,,,,,○,,数学演習Ⅰ,,江村　剛,,,,,,,,,,,,,,,,,,,,,,,,,,,,,,,,142,,,,,,,,,,
駿河台,2,Y35A,前期,水,,,,,○,,教）特別活動・総合的な学習の時間の指導法,,若林　匡,,,,,,,,,,,,,,,,,,,,,,,,,,,,,,,,S201,,,,,,,,,,
駿河台,2,T35E,後期,水,,,,,○,,文学,Ⅰ群,岸　規子,,,,,,,,,,,,,,,,,,,,,,,,,,,,,,,,S504,,,,,,,,,,
駿河台,2,T35F,後期,水,,,,,○,,現代物理学,Ⅲ群,三島　隆,,,,,,,,,,,,,,,,,,,,,,,,,,,,,,,,S202,,,,,,,,,,
駿河台,2,T35G,後期,水,,,,,○,,数理統計学Ⅱ,,久保田　直樹,,,,,,,,,,,,,,,,,,,,,,,,,,,,,,,,131,,,,,,,,,,
駿河台,2,T35H,後期,水,,,,,○,,数学演習Ⅱ,,江村　剛,,,,,,,,,,,,,,,,,,,,,,,,,,,,,,,,152,,,,,,,,,,
駿河台,2,T35I,後期,水,,,,,○,,物理学Ⅰ演習,,瀧　哲朗,,,,,,,,,,,,,,,,,,,,,,,,,,,,,,,,134,,,,,,,,,,
駿河台,3,Y35C,前期,水,,,,,○,,教）数学科教育法Ⅲ,数学科以外学生用,加藤　龍平,,,,,,,,,,,,,,,,,,,,,,,,,,,,,,,,S202,,,,,,,,,,
駿河台,3,Y35D,後期,水,,,,,○,,教）数学科教育法Ⅳ,学科の指定なし,鈴木　潔光,,,,,,,,,,,,,,,,,,,,,,,,,,,,,,,,S502,,,,,,,,,,
船橋,1,X36A,後期,水,,,,,,○,教）教育原論,,柴山　英樹,,,,,,,,,,,,,,,,,,,,,,,,,,,,,,,,1421,,,,,,,,,,
船橋,1,X36B,後期,水,,,,,,○,教）発達と学習,,伊藤　令枝,,,,,,,,,,,,,,,,,,,,,,,,,,,,,,,,1422,,,,,,,,,,
船橋,1,X36C,夏季集中講義,土,,,,,○,,学）博物館教育論,夏季集中授業（詳細な日程は別途掲示）,安福　紘大,伊豆原　月絵,,,,,,,,,,,,,,,,,,,,,,,,,,,,,,,授業実施場所は別途連絡,,,,,,,,,,
船橋,2,X36E,前期,水,,,,,,○,学）博物館資料保存論,,守重　信郎,,,,,,,,,,,,,,,,,,,,,,,,,,,,,,,,1113,,,,,,,,,,
駿河台,2,T36A,前期,水,,,,,,○,ドイツ語Ⅰ,オンライン授業（オンデマンド）,時田　伊津子,,,,,,,,,,,,,,,,,,,,,,,,,,,,,,,,オンライン,,,,,,,,,,
駿河台,2,T36B,前期,水,,,,,,○,フランス語Ⅰ,オンライン授業（オンデマンド）,石部　尚登,,,,,,,,,,,,,,,,,,,,,,,,,,,,,,,,オンライン,,,,,,,,,,
駿河台,2,T36C,前期,水,,,,,,○,中国語Ⅰ,オンライン授業（オンデマンド）,郭　海燕,,,,,,,,,,,,,,,,,,,,,,,,,,,,,,,,オンライン,,,,,,,,,,
駿河台,2,Y36A,前期,水,,,,,,○,教）特別活動・総合的な学習の時間の指導法,,若林　匡,,,,,,,,,,,,,,,,,,,,,,,,,,,,,,,,S201,,,,,,,,,,
駿河台,2,T36D,後期,水,,,,,,○,ドイツ語Ⅱ,オンライン授業（オンデマンド）,時田　伊津子,,,,,,,,,,,,,,,,,,,,,,,,,,,,,,,,オンライン,,,,,,,,,,
駿河台,2,T36E,後期,水,,,,,,○,フランス語Ⅱ,オンライン授業（オンデマンド）,石部　尚登,,,,,,,,,,,,,,,,,,,,,,,,,,,,,,,,オンライン,,,,,,,,,,
駿河台,2,T36F,後期,水,,,,,,○,中国語Ⅱ,オンライン授業（オンデマンド）,郭　海燕,,,,,,,,,,,,,,,,,,,,,,,,,,,,,,,,オンライン,,,,,,,,,,
駿河台,2,Y36D,後期,水,,,,,,○,教）数学科教育法Ⅱ,数学科以外学生用,大越　健斗　,,,,,,,,,,,,,,,,,,,,,,,,,,,,,,,,S203,,,,,,,,,,
船橋,2,S41A,前期,木,○,,,,,,English Communication Ⅰ,,R･C・Lavey,,,,,,,,,,,,,,,,,,,,,,,,,,,,,,,,1232,,,,,,,,,,
船橋,2,S41B,後期,木,○,,,,,,English Communication Ⅱ,,R･C・Lavey,,,,,,,,,,,,,,,,,,,,,,,,,,,,,,,,1232,,,,,,,,,,
船橋,2,S42A,前期,木,,○,,,,,English Communication Ⅰ,,R･C・Lavey,,,,,,,,,,,,,,,,,,,,,,,,,,,,,,,,1232,,,,,,,,,,
船橋,2,S42B,後期,木,,○,,,,,English Communication Ⅱ,,R･C・Lavey,,,,,,,,,,,,,,,,,,,,,,,,,,,,,,,,1232,,,,,,,,,,
船橋,3,S42C,前期,木,,○,,,,,英語特殊講義A,交通，航宇，情報 履修推奨時限,ｼﾞｮｾﾌ･ｼﾞｪｲﾑｽﾞ･ﾌｧﾗｳﾄ,,,,,,,,,,,,,,,,,,,,,,,,,,,,,,,,1142,,,,,,,,,,
船橋,3,S42D,前期,木,,○,,,,,英語特殊講義A,交通，航宇，情報 履修推奨時限,島本　慎一朗,,,,,,,,,,,,,,,,,,,,,,,,,,,,,,,,1143,,,,,,,,,,
船橋,3,S42E,前期,木,,○,,,,,英語特殊講義A,交通，航宇，情報 履修推奨時限,丸　聡弘,,,,,,,,,,,,,,,,,,,,,,,,,,,,,,,,1141,,,,,,,,,,
船橋,3,S42F,前期,木,,○,,,,,英語特殊講義A,交通，航宇，情報 履修推奨時限,水戸　俊介,,,,,,,,,,,,,,,,,,,,,,,,,,,,,,,,1131,,,,,,,,,,
船橋,3,S42G,前期,木,,○,,,,,英語特殊講義B,交通，航宇，情報 履修推奨時限,松堂　啓子,,,,,,,,,,,,,,,,,,,,,,,,,,,,,,,,1133,,,,,,,,,,
船橋,3,S42H,前期,木,,○,,,,,英語特殊講義B,交通，航宇，情報 履修推奨時限,金森　強,,,,,,,,,,,,,,,,,,,,,,,,,,,,,,,,1012,,,,,,,,,,
船橋,3,S42I,後期,木,,○,,,,,英語特殊講義A,交通，航宇，情報 履修推奨時限,ｼﾞｮｾﾌ･ｼﾞｪｲﾑｽﾞ･ﾌｧﾗｳﾄ,,,,,,,,,,,,,,,,,,,,,,,,,,,,,,,,1142,,,,,,,,,,
船橋,3,S42J,後期,木,,○,,,,,英語特殊講義A,交通，航宇，情報 履修推奨時限,島本　慎一朗,,,,,,,,,,,,,,,,,,,,,,,,,,,,,,,,1143,,,,,,,,,,
船橋,3,S42K,後期,木,,○,,,,,英語特殊講義B,交通，航宇，情報 履修推奨時限,松堂　啓子,,,,,,,,,,,,,,,,,,,,,,,,,,,,,,,,1133,,,,,,,,,,
船橋,3,S42L,後期,木,,○,,,,,英語特殊講義B,交通，航宇，情報 履修推奨時限,金森　強,,,,,,,,,,,,,,,,,,,,,,,,,,,,,,,,1012,,,,,,,,,,
船橋,3,S44A,前期,木,,,,○,,,英語特殊講義A,,島本　慎一朗,,,,,,,,,,,,,,,,,,,,,,,,,,,,,,,,1234,,,,,,,,,,
船橋,3,S44B,後期,木,,,,○,,,英語特殊講義A,,島本　慎一朗,,,,,,,,,,,,,,,,,,,,,,,,,,,,,,,,1234,,,,,,,,,,
船橋,1,S45A,後期,木,,,,,○,,教養基礎ゼミナール,ジェンダーとセクシュアリティ,黒田　友紀,,,,,,,,,,,,,,,,,,,,,,,,,,,,,,,,1113,,,,,,,,,,
船橋,1,S45B,後期,木,,,,,○,,電気と磁気の物理学,,安田　健人,,,,,,,,,,,,,,,,,,,,,,,,,,,,,,,,1132,,,,,,,,,,
船橋,2,S45C,前期,木,,,,,○,,力と運動の物理学Ⅱ,再履修用科目,勝木　厚成,,,,,,,,,,,,,,,,,,,,,,,,,,,,,,,,1131,,,,,,,,,,
船橋,2,X45B,前期,木,,,,,○,,教）教育制度論,,黒田　友紀,,,,,,,,,,,,,,,,,,,,,,,,,,,,,,,,1011,,,,,,,,,,
船橋,3,X45E,前期,木,,,,,○,,教）数学科教育法Ⅲ,学科の指定なし,大越　健斗　,,,,,,,,,,,,,,,,,,,,,,,,,,,,,,,,1012,,,,,,,,,,
船橋,3,X45F,後期,木,,,,,○,,教）数学科教育法Ⅳ,学科の指定なし,大越　健斗　,,,,,,,,,,,,,,,,,,,,,,,,,,,,,,,,1012,,,,,,,,,,
駿河台,2,T45A,前期,木,,,,,○,,社会学,Ⅰ群,野呂　一仁,,,,,,,,,,,,,,,,,,,,,,,,,,,,,,,,134,,,,,,,,,,
駿河台,2,T45B,前期,木,,,,,○,,物理学Ⅱ,再履修用科目,粟生田　健一,,,,,,,,,,,,,,,,,,,,,,,,,,,,,,,,131,,,,,,,,,,
駿河台,2,Y45B,夏季集中講義,土,,,,,○,,学）博物館経営論,,伊豆原　月絵,,,,,,,,,,,,,,,,,,,,,,,,,,,,,,,,授業実施場所は別途連絡,,,,,,,,,,
駿河台,2,T45C,後期,木,,,,,○,,社会学,Ⅰ群,野呂　一仁,,,,,,,,,,,,,,,,,,,,,,,,,,,,,,,,134,,,,,,,,,,
駿河台,2,T45D,後期,木,,,,,○,,物理学Ⅰ,再履修用科目,粟生田　健一,,,,,,,,,,,,,,,,,,,,,,,,,,,,,,,,131,,,,,,,,,,
船橋,1,S46A,前期,木,,,,,,○,日本語Ⅰ(留）,オンライン授業（オンデマンド）,柳　武司,,,,,,,,,,,,,,,,,,,,,,,,,,,,,,,,オンライン,,,,,,,,,,
船橋,1,S46B,後期,木,,,,,,○,日本語Ⅱ(留）,オンライン授業（オンデマンド）,柳　武司,,,,,,,,,,,,,,,,,,,,,,,,,,,,,,,,オンライン,,,,,,,,,,
船橋,2,X46A,前期,木,,,,,,○,教）教育制度論,,黒田　友紀,,,,,,,,,,,,,,,,,,,,,,,,,,,,,,,,1011,,,,,,,,,,
船橋,2,X46B,前期,木,,,,,,○,教）数学科教育法Ⅰ,学科の指定なし,大越　健斗　,,,,,,,,,,,,,,,,,,,,,,,,,,,,,,,,1012,,,,,,,,,,
船橋,2,X46C,後期,木,,,,,,○,教）数学科教育法Ⅱ,学科の指定なし,大越　健斗　,,,,,,,,,,,,,,,,,,,,,,,,,,,,,,,,1012,,,,,,,,,,
駿河台,2,Y46C,後期,火,,,,,,○,学）生涯学習概論,,守重　信郎,,,,,,,,,,,,,,,,,,,,,,,,,,,,,,,,143,,,,,,,,,,
駿河台,3,Y46E,年間,木,,,,,,○,学）博物館実習A（見学）,,伊豆原　月絵,,,,,,,,,,,,,,,,,,,,,,,,,,,,,,,,授業実施場所は別途連絡,,,,,,,,,,
船橋,2,P51C,前期,金,○,,,,,,英語ⅢA,,松堂　啓子,,,,,,,,,,,,,,,,,,,,,,,,,,,,,,,,1032,,,,,,,,,,
船橋,2,P51D,前期,金,○,,,,,,英語ⅢA,,木村　政則,,,,,,,,,,,,,,,,,,,,,,,,,,,,,,,,1041,,,,,,,,,,
船橋,2,P51E,前期,金,○,,,,,,英語ⅢA,,乙黒　麻記子,,,,,,,,,,,,,,,,,,,,,,,,,,,,,,,,1232,,,,,,,,,,
船橋,2,P51F,前期,金,○,,,,,,英語ⅢA,,桑山　啓子,,,,,,,,,,,,,,,,,,,,,,,,,,,,,,,,1011,,,,,,,,,,
船橋,2,P51G,前期,金,○,,,,,,英語ⅢA,,下村　美佳,,,,,,,,,,,,,,,,,,,,,,,,,,,,,,,,1012,,,,,,,,,,
船橋,2,P51H,前期,金,○,,,,,,English Communication Ⅰ,,ｼﾞｮｾﾌ･ｼﾞｪｲﾑｽﾞ･ﾌｧﾗｳﾄ,,,,,,,,,,,,,,,,,,,,,,,,,,,,,,,,1042,,,,,,,,,,
船橋,2,P51I,前期,金,○,,,,,,English Communication Ⅰ,,ｼﾞｮﾅｻﾝ･ﾊﾘｿﾝ,,,,,,,,,,,,,,,,,,,,,,,,,,,,,,,,1043,,,,,,,,,,
船橋,2,Q51A,後期,金,○,,,,,,英語ⅢB,,松堂　啓子,,,,,,,,,,,,,,,,,,,,,,,,,,,,,,,,1032,,,,,,,,,,
船橋,2,Q51B,後期,金,○,,,,,,英語ⅢB,,木村　政則,,,,,,,,,,,,,,,,,,,,,,,,,,,,,,,,1041,,,,,,,,,,
船橋,2,Q51C,後期,金,○,,,,,,英語ⅢB,,乙黒　麻記子,,,,,,,,,,,,,,,,,,,,,,,,,,,,,,,,1232,,,,,,,,,,
船橋,2,Q51D,後期,金,○,,,,,,英語ⅢB,,桑山　啓子,,,,,,,,,,,,,,,,,,,,,,,,,,,,,,,,1011,,,,,,,,,,
船橋,2,Q51E,後期,金,○,,,,,,英語ⅢB,,下村　美佳,,,,,,,,,,,,,,,,,,,,,,,,,,,,,,,,1012,,,,,,,,,,
船橋,2,Q51F,後期,金,○,,,,,,English Communication Ⅱ,,ｼﾞｮｾﾌ･ｼﾞｪｲﾑｽﾞ･ﾌｧﾗｳﾄ,,,,,,,,,,,,,,,,,,,,,,,,,,,,,,,,1042,,,,,,,,,,
船橋,2,Q51G,後期,金,○,,,,,,English Communication Ⅱ,,ｼﾞｮﾅｻﾝ･ﾊﾘｿﾝ,,,,,,,,,,,,,,,,,,,,,,,,,,,,,,,,1043,,,,,,,,,,
船橋,3,S52A,前期,金,,○,,,,,英語特殊講義A,海建，精機，電子 履修推奨時限,ｼﾞｮｾﾌ･ｼﾞｪｲﾑｽﾞ･ﾌｧﾗｳﾄ,,,,,,,,,,,,,,,,,,,,,,,,,,,,,,,,1042,,,,,,,,,,
船橋,3,S52B,前期,金,,○,,,,,英語特殊講義A,海建，精機，電子 履修推奨時限,金子　利雄,,,,,,,,,,,,,,,,,,,,,,,,,,,,,,,,1231,,,,,,,,,,
船橋,3,S52C,前期,金,,○,,,,,英語特殊講義A,海建，精機，電子 履修推奨時限,乙黒　麻記子,,,,,,,,,,,,,,,,,,,,,,,,,,,,,,,,1232,,,,,,,,,,
船橋,3,S52D,前期,金,,○,,,,,英語特殊講義B,海建，精機，電子 履修推奨時限,ｼﾞｮﾅｻﾝ･ﾊﾘｿﾝ,,,,,,,,,,,,,,,,,,,,,,,,,,,,,,,,1043,,,,,,,,,,
船橋,3,S52E,前期,金,,○,,,,,英語特殊講義B,海建，精機，電子 履修推奨時限,安田　比呂志,,,,,,,,,,,,,,,,,,,,,,,,,,,,,,,,1234,,,,,,,,,,
船橋,3,S52F,前期,金,,○,,,,,英語特殊講義B,海建，精機，電子 履修推奨時限,加藤　遼子,,,,,,,,,,,,,,,,,,,,,,,,,,,,,,,,1233,,,,,,,,,,
船橋,3,S52G,後期,金,,○,,,,,英語特殊講義A,海建，精機，電子 履修推奨時限,乙黒　麻記子,,,,,,,,,,,,,,,,,,,,,,,,,,,,,,,,1232,,,,,,,,,,
船橋,3,S52H,後期,金,,○,,,,,英語特殊講義A,海建，精機，電子 履修推奨時限,金子　利雄,,,,,,,,,,,,,,,,,,,,,,,,,,,,,,,,1231,,,,,,,,,,
船橋,3,S52I,後期,金,,○,,,,,英語特殊講義B,海建，精機，電子 履修推奨時限,ｼﾞｮﾅｻﾝ･ﾊﾘｿﾝ,,,,,,,,,,,,,,,,,,,,,,,,,,,,,,,,1043,,,,,,,,,,
船橋,3,S52J,後期,金,,○,,,,,英語特殊講義B,海建，精機，電子 履修推奨時限,安田　比呂志,,,,,,,,,,,,,,,,,,,,,,,,,,,,,,,,1234,,,,,,,,,,
駿河台,2,T52A,前期,金,,○,,,,,健康の科学,,安住　文子,,,,,,,,,,,,,,,,,,,,,,,,,,,,,,,,CSTホール,,,,,,,,,,
駿河台,2,T52B,前期,金,,○,,,,,English Communication Ⅰ,,Campos T.O. Miguel,,,,,,,,,,,,,,,,,,,,,,,,,,,,,,,,S402,,,,,,,,,,
駿河台,2,T52C,前期,金,,○,,,,,微分方程式Ⅰ,,武村　一雄,,,,,,,,,,,,,,,,,,,,,,,,,,,,,,,,S203,,,,,,,,,,
駿河台,2,T52D,前期,金,,○,,,,,English Communication Ⅰ,,Darnell Ann Watson,,,,,,,,,,,,,,,,,,,,,,,,,,,,,,,,S604,,,,,,,,,,
駿河台,2,T52E,後期,金,,○,,,,,健康の科学,,鈴木　功士,,,,,,,,,,,,,,,,,,,,,,,,,,,,,,,,S201,,,,,,,,,,
駿河台,2,T52F,後期,金,,○,,,,,English Communication Ⅱ,,Campos T.O. Miguel,,,,,,,,,,,,,,,,,,,,,,,,,,,,,,,,S402,,,,,,,,,,
駿河台,2,T52G,後期,金,,○,,,,,微分方程式Ⅱ,,武村　一雄,,,,,,,,,,,,,,,,,,,,,,,,,,,,,,,,S203,,,,,,,,,,
駿河台,2,T52H,後期,金,,○,,,,,English Communication Ⅱ,,Darnell Ann Watson,,,,,,,,,,,,,,,,,,,,,,,,,,,,,,,,S604,,,,,,,,,,
駿河台,3,T52I,前期,金,,○,,,,,英語特殊講義B,,佐久間　桃,,,,,,,,,,,,,,,,,,,,,,,,,,,,,,,,S303,,,,,,,,,,
駿河台,3,T52J,後期,金,,○,,,,,英語特殊講義B,,佐久間　桃,,,,,,,,,,,,,,,,,,,,,,,,,,,,,,,,S303,,,,,,,,,,
船橋,2,S53A,前期,金,,,○,,,,数理統計学Ⅰ,,安部　公輔,,,,,,,,,,,,,,,,,,,,,,,,,,,,,,,,1141,,,,,,,,,,
船橋,2,S53B,後期,金,,,○,,,,数理統計学Ⅱ,,安部　公輔,,,,,,,,,,,,,,,,,,,,,,,,,,,,,,,,1141,,,,,,,,,,
船橋,1,P54P,前期,金,,,,○,,,英語ⅡA,,秋庭　大悟,,,,,,,,,,,,,,,,,,,,,,,,,,,,,,,,1011,,,,,,,,,,
船橋,1,P54Q,前期,金,,,,○,,,英語ⅡA,,堀　紳介,,,,,,,,,,,,,,,,,,,,,,,,,,,,,,,,1021,,,,,,,,,,
船橋,1,P54R,前期,金,,,,○,,,英語ⅡA,,齊藤　雄介,,,,,,,,,,,,,,,,,,,,,,,,,,,,,,,,1012,,,,,,,,,,
船橋,1,P54S,前期,金,,,,○,,,英語ⅡA,,木村　政則,,,,,,,,,,,,,,,,,,,,,,,,,,,,,,,,1022,,,,,,,,,,
船橋,1,P54T,前期,金,,,,○,,,英語ⅡA,,石月　正伸,,,,,,,,,,,,,,,,,,,,,,,,,,,,,,,,1013,,,,,,,,,,
船橋,1,Q54O,後期,金,,,,○,,,英語ⅡB,,秋庭　大悟,,,,,,,,,,,,,,,,,,,,,,,,,,,,,,,,1011,,,,,,,,,,
船橋,1,Q54P,後期,金,,,,○,,,英語ⅡB,,堀　紳介,,,,,,,,,,,,,,,,,,,,,,,,,,,,,,,,1021,,,,,,,,,,
船橋,1,Q54Q,後期,金,,,,○,,,英語ⅡB,,齊藤　雄介,,,,,,,,,,,,,,,,,,,,,,,,,,,,,,,,1012,,,,,,,,,,
船橋,1,Q54R,後期,金,,,,○,,,英語ⅡB,,木村　政則,,,,,,,,,,,,,,,,,,,,,,,,,,,,,,,,1022,,,,,,,,,,
船橋,1,Q54S,後期,金,,,,○,,,英語ⅡB,,石月　正伸,,,,,,,,,,,,,,,,,,,,,,,,,,,,,,,,1013,,,,,,,,,,
船橋,1,S55A,前期,金,,,,,○,,現代物理学,,浅井　和美,,,,,,,,,,,,,,,,,,,,,,,,,,,,,,,,1132,,,,,,,,,,
船橋,1,X55A,前期,木,,,,,,○,学）博物館概論,,江水　是仁,,,,,,,,,,,,,,,,,,,,,,,,,,,,,,,,1113,,,,,,,,,,
船橋,1,S55B,後期,金,,,,,○,,現代物理学,Ⅲ群,浅井　和美,,,,,,,,,,,,,,,,,,,,,,,,,,,,,,,,1132,,,,,,,,,,
船橋,1,S55C,後期,金,,,,,○,,教養基礎ゼミナール,pythonによるAI入門,佐甲　徳栄,,,,,,,,,,,,,,,,,,,,,,,,,,,,,,,,1123,,,,,,,,,,
船橋,1,S55D,後期,金,,,,,○,,教養基礎ゼミナール,メンタルトレーニングの不思議,北村　勝朗,,,,,,,,,,,,,,,,,,,,,,,,,,,,,,,,1121,,,,,,,,,,
船橋,1,S55E,後期,金,,,,,○,,教養基礎ゼミナール,生成AIの活用,大越　健斗　,,,,,,,,,,,,,,,,,,,,,,,,,,,,,,,,1122,,,,,,,,,,
船橋,1,X55B,夏季集中講義,土,,,,,○,,学）博物館資料論,,安福　紘大,今西　諒太,伊豆原　月絵,,,,,,,,,,,,,,,,,,,,,,,,,,,,,,授業実施場所は別途連絡,,,,,,,,,,
船橋,2,X55C,前期,木,,,,,○,,学）博物館展示論,,江水　是仁,,,,,,,,,,,,,,,,,,,,,,,,,,,,,,,,1113,,,,,,,,,,
船橋,2,X55D,後期,金,,,,,○,,教）教育課程論,,黒田　友紀,,,,,,,,,,,,,,,,,,,,,,,,,,,,,,,,1022,,,,,,,,,,
船橋,2,S55F,後期,金,,,,,○,,力と運動の物理学Ⅰ演習,再履修用科目,松尾　洋介,,,,,,,,,,,,,,,,,,,,,,,,,,,,,,,,1142,,,,,,,,,,
駿河台,2,T55A,前期,金,,,,,○,,教養基礎ゼミナール,pythonによるAI入門,佐甲　徳栄,,,,,,,,,,,,,,,,,,,,,,,,,,,,,,,,S202,,,,,,,,,,
駿河台,2,T55B,前期,金,,,,,○,,線形代数学Ⅰ,,齋藤　洋樹,,,,,,,,,,,,,,,,,,,,,,,,,,,,,,,,S204,,,,,,,,,,
駿河台,2,T55C,前期,金,,,,,○,,力と運動の物理学Ⅱ,再履修用科目,佐々木　淳子,,,,,,,,,,,,,,,,,,,,,,,,,,,,,,,,154,,,,,,,,,,
駿河台,2,Y55D,前期,金,,,,,○,,学）博物館情報・メディア論,,山本　和清,門馬　英一郎,,,,,,,,,,,,,,,,,,,,,,,,,,,,,,,S603,,,,,,,,,,
駿河台,2,T55D,後期,金,,,,,○,,文学,Ⅰ群,岸　規子,,,,,,,,,,,,,,,,,,,,,,,,,,,,,,,,131,,,,,,,,,,
駿河台,2,T55E,後期,金,,,,,○,,線形代数学Ⅱ,,齋藤　洋樹,,,,,,,,,,,,,,,,,,,,,,,,,,,,,,,,S204,,,,,,,,,,
駿河台,2,T55F,後期,金,,,,,○,,力と運動の物理学Ⅰ,再履修用科目,佐々木　淳子,,,,,,,,,,,,,,,,,,,,,,,,,,,,,,,,154,,,,,,,,,,
船橋,1,S56A,前期,金,,,,,,○,日本語Ⅰ(留）,オンライン授業（オンデマンド）,柳　武司,,,,,,,,,,,,,,,,,,,,,,,,,,,,,,,,オンライン,,,,,,,,,,
船橋,1,S56B,後期,金,,,,,,○,日本語Ⅱ(留）,オンライン授業（オンデマンド）,柳　武司,,,,,,,,,,,,,,,,,,,,,,,,,,,,,,,,オンライン,,,,,,,,,,
船橋,1,X56A,後期,金,,,,,,○,学）生涯学習概論,,守重　信郎,,,,,,,,,,,,,,,,,,,,,,,,,,,,,,,,1113,,,,,,,,,,
駿河台,2,Y56B,前期,金,,,,,,○,教）情報科教育法Ⅰ,,笹川　清喜,,,,,,,,,,,,,,,,,,,,,,,,,,,,,,,,S502,,,,,,,,,,
駿河台,2,Y56D,後期,金,,,,,,○,教）情報科教育法Ⅱ,,笹川　清喜,,,,,,,,,,,,,,,,,,,,,,,,,,,,,,,,S502,,,,,,,,,,
船橋,3,X61B,前期,土,○,,,,,,教）特別支援教育概論,,水口　進,,,,,,,,,,,,,,,,,,,,,,,,,,,,,,,,1432,,,,,,,,,,
船橋,4,S61A,後期,土,○,,,,,,英語特殊講義A,オンライン授業（オンデマンド）,秋庭　大悟,,,,,,,,,,,,,,,,,,,,,,,,,,,,,,,,オンライン,,,,,,,,,,
船橋,4,S61B,後期,土,○,,,,,,英語特殊講義B,オンライン授業（オンデマンド）,丸　聡弘,,,,,,,,,,,,,,,,,,,,,,,,,,,,,,,,オンライン,,,,,,,,,,
駿河台,2,T61A,前期,土,○,,,,,,ドイツ語Ⅰ,オンライン授業（オンデマンド）,時田　伊津子,,,,,,,,,,,,,,,,,,,,,,,,,,,,,,,,オンライン,,,,,,,,,,
駿河台,2,T61B,前期,土,○,,,,,,フランス語Ⅰ,オンライン授業（オンデマンド）,石部　尚登,,,,,,,,,,,,,,,,,,,,,,,,,,,,,,,,オンライン,,,,,,,,,,
駿河台,2,T61C,前期,土,○,,,,,,中国語Ⅰ,オンライン授業（オンデマンド）,本間　直人,,,,,,,,,,,,,,,,,,,,,,,,,,,,,,,,オンライン,,,,,,,,,,
駿河台,2,T61D,前期,土,○,,,,,,英語ⅠA,再履修用科目,青木　啓子,,,,,,,,,,,,,,,,,,,,,,,,,,,,,,,,153,,,,,,,,,,
駿河台,2,T61E,前期,土,○,,,,,,英語ⅡA,再履修用科目,森　晴代,,,,,,,,,,,,,,,,,,,,,,,,,,,,,,,,152,,,,,,,,,,
駿河台,2,Y61A,前期,土,○,,,,,,教）教育課程論,,黒田　友紀,,,,,,,,,,,,,,,,,,,,,,,,,,,,,,,,154,,,,,,,,,,
駿河台,2,T61F,後期,土,○,,,,,,ドイツ語Ⅱ,オンライン授業（オンデマンド）,時田　伊津子,,,,,,,,,,,,,,,,,,,,,,,,,,,,,,,,オンライン,,,,,,,,,,
駿河台,2,T61G,後期,土,○,,,,,,フランス語Ⅱ,オンライン授業（オンデマンド）,石部　尚登,,,,,,,,,,,,,,,,,,,,,,,,,,,,,,,,オンライン,,,,,,,,,,
駿河台,2,T61H,後期,土,○,,,,,,中国語Ⅱ,オンライン授業（オンデマンド）,本間　直人,,,,,,,,,,,,,,,,,,,,,,,,,,,,,,,,オンライン,,,,,,,,,,
駿河台,2,T61I,後期,土,○,,,,,,英語ⅡB,再履修用科目,森　晴代,,,,,,,,,,,,,,,,,,,,,,,,,,,,,,,,S303,,,,,,,,,,
駿河台,2,T61J,後期,土,○,,,,,,英語ⅠB,再履修用科目,青木　啓子,,,,,,,,,,,,,,,,,,,,,,,,,,,,,,,,S304,,,,,,,,,,
駿河台,2,Y61B,後期,土,○,,,,,,教）教育方法・ICT活用論,"令和４年度以降入学者用科目
令和４年度以降の編入学者及び科目等履修生用科目",柴山　英樹,黒田　友紀,,,,,,,,,,,,,,,,,,,,,,,,,,,,,,,S404,,,,,,,,,,
駿河台,3,T61K,前期,土,○,,,,,,法学,Ⅰ群／オンライン授業（オンデマンド）,天野　聖悦,,,,,,,,,,,,,,,,,,,,,,,,,,,,,,,,オンライン,,,,,,,,,,
駿河台,3,T61L,前期,土,○,,,,,,クリティカル・シンキング,Ⅱ群／オンライン授業（オンデマンド）,島村　修平,,,,,,,,,,,,,,,,,,,,,,,,,,,,,,,,オンライン,,,,,,,,,,
駿河台,3,T61M,前期,土,○,,,,,,英語ⅠA,再履修用科目／オンライン授業（オンデマンド）,北原　安治,,,,,,,,,,,,,,,,,,,,,,,,,,,,,,,,オンライン,,,,,,,,,,
駿河台,3,T61N,後期,土,○,,,,,,歴史学,Ⅰ群／オンライン授業（オンデマンド）,藤島　幸彦,,,,,,,,,,,,,,,,,,,,,,,,,,,,,,,,オンライン,,,,,,,,,,
駿河台,3,T61O,後期,土,○,,,,,,クリティカル・シンキング,Ⅱ群／オンライン授業（オンデマンド）,島村　修平,,,,,,,,,,,,,,,,,,,,,,,,,,,,,,,,オンライン,,,,,,,,,,
駿河台,3,T61P,後期,土,○,,,,,,感性芸術学,Ⅱ群／オンライン授業（オンデマンド）,勢力　尚雅,,,,,,,,,,,,,,,,,,,,,,,,,,,,,,,,オンライン,,,,,,,,,,
駿河台,3,T61Q,後期,土,○,,,,,,英語ⅠB,再履修用科目／オンライン授業（オンデマンド）,北原　安治,,,,,,,,,,,,,,,,,,,,,,,,,,,,,,,,オンライン,,,,,,,,,,
駿河台,3,Y61C,後期,土,○,,,,,,教）特別支援教育概論,,水口　進,,,,,,,,,,,,,,,,,,,,,,,,,,,,,,,,S504,,,,,,,,,,
駿河台,5,Y61D,後期,土,○,,,,,,教）教育の方法・技術論,令和３年度以前入学者用科目,柴山　英樹,黒田　友紀,,,,,,,,,,,,,,,,,,,,,,,,,,,,,,,S404,,,,,,,,,,
船橋,2,X62A,前期,土,,○,,,,,教）教育相談,,水口　進,,,,,,,,,,,,,,,,,,,,,,,,,,,,,,,,1432,,,,,,,,,,
駿河台,2,T62A,前期,土,,○,,,,,英語ⅡA,再履修用科目,森　晴代,,,,,,,,,,,,,,,,,,,,,,,,,,,,,,,,152,,,,,,,,,,
駿河台,2,T62B,前期,土,,○,,,,,英語ⅠA,再履修用科目,青木　啓子,,,,,,,,,,,,,,,,,,,,,,,,,,,,,,,,153,,,,,,,,,,
駿河台,2,Y62A,前期,土,,○,,,,,教）道徳教育の理論と方法,,柴山　英樹,,,,,,,,,,,,,,,,,,,,,,,,,,,,,,,,151,,,,,,,,,,
駿河台,2,Y62B,前期,土,,○,,,,,教）教育制度論,,黒田　友紀,,,,,,,,,,,,,,,,,,,,,,,,,,,,,,,,154,,,,,,,,,,
駿河台,2,Y62C,後期,木,,,,,○,,学）博物館資料保存論,,江水　是仁,,,,,,,,,,,,,,,,,,,,,,,,,,,,,,,,143,,,,,,,,,,
駿河台,2,T62C,後期,土,,○,,,,,英語ⅡB,再履修用科目,森　晴代,,,,,,,,,,,,,,,,,,,,,,,,,,,,,,,,S303,,,,,,,,,,
駿河台,2,T62D,後期,土,,○,,,,,英語ⅠB,再履修用科目,青木　啓子,,,,,,,,,,,,,,,,,,,,,,,,,,,,,,,,S304,,,,,,,,,,
駿河台,2,Y62D,後期,土,,○,,,,,教）教育相談,,水口　進,,,,,,,,,,,,,,,,,,,,,,,,,,,,,,,,S504,,,,,,,,,,
駿河台,3,T62E,前期,土,,○,,,,,感性芸術学,Ⅱ群／オンライン授業（オンデマンド）,奥波　一秀,,,,,,,,,,,,,,,,,,,,,,,,,,,,,,,,オンライン,,,,,,,,,,
駿河台,3,T62F,前期,土,,○,,,,,クリティカル・シンキング,Ⅱ群／オンライン授業（オンデマンド）,島村　修平,,,,,,,,,,,,,,,,,,,,,,,,,,,,,,,,オンライン,,,,,,,,,,
駿河台,3,T62G,前期,土,,○,,,,,英語ⅡA,再履修用科目／オンライン授業（オンデマンド）,北原　安治,,,,,,,,,,,,,,,,,,,,,,,,,,,,,,,,オンライン,,,,,,,,,,
駿河台,3,T62H,後期,土,,○,,,,,倫理学,Ⅰ群／オンライン授業（オンデマンド）,勢力　尚雅,,,,,,,,,,,,,,,,,,,,,,,,,,,,,,,,オンライン,,,,,,,,,,
駿河台,3,T62I,後期,土,,○,,,,,クリティカル・シンキング,Ⅱ群／オンライン授業（オンデマンド）,島村　修平,,,,,,,,,,,,,,,,,,,,,,,,,,,,,,,,オンライン,,,,,,,,,,
駿河台,3,T62J,後期,土,,○,,,,,英語ⅡB,再履修用科目／オンライン授業（オンデマンド）,北原　安治,,,,,,,,,,,,,,,,,,,,,,,,,,,,,,,,オンライン,,,,,,,,,,
船橋,1,X63A,後期,土,,,○,,,,教）現代教職論,,黒田　友紀,,,,,,,,,,,,,,,,,,,,,,,,,,,,,,,,1432,,,,,,,,,,
船橋,1,X63B,後期,土,,,○,,,,教）道徳教育の理論と方法,,三ツ木　純子,,,,,,,,,,,,,,,,,,,,,,,,,,,,,,,,1431,,,,,,,,,,
駿河台,2,T63A,前期,土,,,○,,,,英語ⅠA,再履修用科目,藤木　智子,,,,,,,,,,,,,,,,,,,,,,,,,,,,,,,,142,,,,,,,,,,
駿河台,2,T63B,前期,土,,,○,,,,英語ⅢA,,森　晴代,,,,,,,,,,,,,,,,,,,,,,,,,,,,,,,,152,,,,,,,,,,
駿河台,2,Y63A,前期,土,,,○,,,,教）教育原論,,柴山　英樹,,,,,,,,,,,,,,,,,,,,,,,,,,,,,,,,151,,,,,,,,,,
駿河台,2,Y63B,前期,土,,,○,,,,教）教育制度論,,黒田　友紀,,,,,,,,,,,,,,,,,,,,,,,,,,,,,,,,153,,,,,,,,,,
駿河台,2,T63C,後期,土,,,○,,,,英語ⅠB,再履修用科目,藤木　智子,,,,,,,,,,,,,,,,,,,,,,,,,,,,,,,,S304,,,,,,,,,,
駿河台,2,T63D,後期,土,,,○,,,,英語ⅢB,,森　晴代,,,,,,,,,,,,,,,,,,,,,,,,,,,,,,,,S303,,,,,,,,,,
駿河台,2,Y63C,後期,土,,,○,,,,教）現代教職論,,柴山　英樹,,,,,,,,,,,,,,,,,,,,,,,,,,,,,,,,S504,,,,,,,,,,
駿河台,3,T63E,前期,土,,,○,,,,歴史学,Ⅰ群／オンライン授業（オンデマンド）,藤島　幸彦,,,,,,,,,,,,,,,,,,,,,,,,,,,,,,,,オンライン,,,,,,,,,,
駿河台,3,T63F,前期,土,,,○,,,,経済学,Ⅰ群／オンライン授業（オンデマンド）,高橋　宏幸,,,,,,,,,,,,,,,,,,,,,,,,,,,,,,,,オンライン,,,,,,,,,,
駿河台,3,T63G,前期,土,,,○,,,,クリティカル・シンキング,Ⅱ群／オンライン授業（オンデマンド）,島村　修平,,,,,,,,,,,,,,,,,,,,,,,,,,,,,,,,オンライン,,,,,,,,,,
駿河台,3,T63H,前期,土,,,○,,,,技術者倫理,Ⅲ群／オンライン授業（オンデマンド）,勢力　尚雅,,,,,,,,,,,,,,,,,,,,,,,,,,,,,,,,オンライン,,,,,,,,,,
駿河台,3,T63I,後期,土,,,○,,,,経済学,Ⅰ群／オンライン授業（オンデマンド）,高橋　宏幸,,,,,,,,,,,,,,,,,,,,,,,,,,,,,,,,オンライン,,,,,,,,,,
駿河台,3,T63J,後期,土,,,○,,,,日本国憲法,Ⅰ群／オンライン授業（オンデマンド）,天野　聖悦,,,,,,,,,,,,,,,,,,,,,,,,,,,,,,,,オンライン,,,,,,,,,,
駿河台,3,T63K,後期,土,,,○,,,,科学技術と人間,Ⅲ群／オンライン授業（オンデマンド）,島村　修平,,,,,,,,,,,,,,,,,,,,,,,,,,,,,,,,オンライン,,,,,,,,,,
船橋,1,X64A,後期,土,,,,○,,,教）現代教職論,,黒田　友紀,,,,,,,,,,,,,,,,,,,,,,,,,,,,,,,,1431,,,,,,,,,,
船橋,1,X64B,後期,土,,,,○,,,教）道徳教育の理論と方法,,三ツ木　純子,,,,,,,,,,,,,,,,,,,,,,,,,,,,,,,,1432,,,,,,,,,,
駿河台,2,T64A,前期,土,,,,○,,,英語ⅡA,再履修用科目,藤木　智子,,,,,,,,,,,,,,,,,,,,,,,,,,,,,,,,142,,,,,,,,,,
駿河台,2,Y64A,前期,土,,,,○,,,教）教育原論,,柴山　英樹,,,,,,,,,,,,,,,,,,,,,,,,,,,,,,,,151,,,,,,,,,,
駿河台,2,T64B,後期,土,,,,○,,,英語ⅡB,再履修用科目,藤木　智子,,,,,,,,,,,,,,,,,,,,,,,,,,,,,,,,S304,,,,,,,,,,
駿河台,3,T64C,前期,土,,,,○,,,英語ⅠA,再履修用科目／オンライン授業（オンデマンド）,青木　啓子,,,,,,,,,,,,,,,,,,,,,,,,,,,,,,,,オンライン,,,,,,,,,,
駿河台,3,T64D,前期,土,,,,○,,,英語ⅢA,オンライン授業（オンデマンド）,森　晴代,,,,,,,,,,,,,,,,,,,,,,,,,,,,,,,,オンライン,,,,,,,,,,
駿河台,3,Y64B,前期,土,,,,○,,,教）生徒指導・進路指導論,,宮古　紀宏,,,,,,,,,,,,,,,,,,,,,,,,,,,,,,,,154,,,,,,,,,,
駿河台,3,T64E,後期,土,,,,○,,,英語ⅠB,再履修用科目／オンライン授業（オンデマンド）,青木　啓子,,,,,,,,,,,,,,,,,,,,,,,,,,,,,,,,オンライン,,,,,,,,,,
駿河台,3,T64F,後期,土,,,,○,,,英語ⅢB,オンライン授業（オンデマンド）,森　晴代,,,,,,,,,,,,,,,,,,,,,,,,,,,,,,,,オンライン,,,,,,,,,,
船橋,2,S65A,前期,土,,,,,○,,自主創造の基礎,再履修用科目／オンライン授業（オンデマンド）,髙橋　亮輔,中村　文紀,米田　哲也,,,,,,,,,,,,,,,,,,,,,,,,,,,,,,オンライン,,,,,,,,,,
船橋,2,S65B,夏季集中講義,土,,,,,○,,スポーツⅢ,夏季集中授業（8/25～8/29〔予定〕）／ゴルフ／履修登録の際は，左記の曜日・時限のコマから当該科目を選択すること。／授業日程により，今年度９月卒業予定の学生は履修できない場合がある。,髙橋　亮輔,沖　和磨,森長　正樹,,,,,,,,,,,,,,,,,,,,,,,,,,,,,,授業実施場所は別途連絡,,,,,,,,,,
船橋,2,S65C,夏季集中講義,土,,,,,○,,スポーツⅢ,夏季集中授業（9/7～9/10〔予定〕）／キャンプ／履修登録の際は，左記の曜日・時限のコマから当該科目を選択すること。／授業日程により，今年度９月卒業予定の学生は履修できない場合がある。,重城　哲,安住　文子,鈴木　功士,,,,,,,,,,,,,,,,,,,,,,,,,,,,,,授業実施場所は別途連絡,,,,,,,,,,
船橋,2,X65B,夏季集中講義,土,,,,,○,,教）教育方法・ICT活用論,夏季集中授業（詳細な日程は別途掲示）／令和４年度以降の入学者，編入学者及び科目等履修生用科目／履修登録の際は，左記の曜日・時限のコマから当該科目を選択すること。,仲　久徳,,,,,,,,,,,,,,,,,,,,,,,,,,,,,,,,授業実施場所は別途連絡,,,,,,,,,,
船橋,2,X65C,夏季集中講義,土,,,,,○,,教）特別活動・総合的な学習の時間の指導法,夏季集中授業（詳細な日程は別途掲示）／履修登録の際は，左記の曜日・時限のコマから当該科目を選択すること。,若林　匡,,,,,,,,,,,,,,,,,,,,,,,,,,,,,,,,授業実施場所は別途連絡,,,,,,,,,,
船橋,2,S65D,後期,土,,,,,○,,健康の科学,オンライン授業（オンデマンド）,安住　文子,,,,,,,,,,,,,,,,,,,,,,,,,,,,,,,,オンライン,,,,,,,,,,
船橋,2,S65E,春季集中講義,土,,,,,○,,スポーツⅢ,春季集中授業（2/14，2/19～2/21〔予定〕）／ニュースポーツ／履修登録の際は，左記の曜日・時限のコマから当該科目を選択すること。／授業日程により，今年度３月卒業予定の学生は履修できない場合がある。,沖　和磨,髙橋　亮輔,三木　二郎,,,,,,,,,,,,,,,,,,,,,,,,,,,,,,授業実施場所は別途連絡,,,,,,,,,,
船橋,2,S65F,春季集中講義,土,,,,,○,,スポーツⅢ,春季集中授業（2/3～2/6〔予定〕）／スキー／履修登録の際は，左記の曜日・時限のコマから当該科目を選択すること。／授業日程により，今年度３月卒業予定の学生は履修できない場合がある。,重城　哲,北村　勝朗,鈴木　功士,服部　英恵,雪吹　誠,,,,,,,,,,,,,,,,,,,,,,,,,,,,授業実施場所は別途連絡,,,,,,,,,,
船橋,3,X65G,後期,土,,,,,○,,学）博物館実習B（実務）,,佐藤　慎也,河合　晴香,,,,,,,,,,,,,,,,,,,,,,,,,,,,,,,授業実施場所は別途連絡,,,,,,,,,,
船橋,5,X65H,夏季集中講義,土,,,,,○,,教）教育の方法・技術論,夏季集中授業（詳細な日程は別途掲示）／令和３年度以前入学者用科目／履修登録の際は，左記の曜日・時限のコマから当該科目を選択すること。,仲　久徳,,,,,,,,,,,,,,,,,,,,,,,,,,,,,,,,授業実施場所は別途連絡,,,,,,,,,,
船橋,5,S65G,後期,土,,,,,○,,自主創造の基礎２,再履修用科目／令和３年度以前入学者のみ履修できる科目／オンライン授業（オンデマンド）,坂元　啓紀,沖　和磨,柳　武司,,,,,,,,,,,,,,,,,,,,,,,,,,,,,,オンライン,,,,,,,,,,
駿河台,2,Y65A,夏季集中講義,土,,,,,○,,教）数学科教育法Ⅰ,夏季集中授業（詳細な日程は別途掲示）／数学科以外学生用／履修登録の際は，左記の曜日・時限のコマから当該科目を選択すること。,相田　紘孝,,,,,,,,,,,,,,,,,,,,,,,,,,,,,,,,授業実施場所は別途連絡,,,,,,,,,,
駿河台,3,T65A,前期,土,,,,,○,,英語ⅡA,再履修用科目／オンライン授業（オンデマンド）,青木　啓子,,,,,,,,,,,,,,,,,,,,,,,,,,,,,,,,オンライン,,,,,,,,,,
駿河台,3,T65B,前期,土,,,,,○,,English Communication Ⅰ,オンライン授業（オンデマンド）,Ｒ．Ｈ．ジョーンズ,,,,,,,,,,,,,,,,,,,,,,,,,,,,,,,,オンライン,,,,,,,,,,
駿河台,3,T65C,後期,土,,,,,○,,English Communication Ⅱ,オンライン授業（オンデマンド）,Ｒ．Ｈ．ジョーンズ,,,,,,,,,,,,,,,,,,,,,,,,,,,,,,,,オンライン,,,,,,,,,,
駿河台,3,T65D,後期,土,,,,,○,,英語ⅡB,再履修用科目／オンライン授業（オンデマンド）,青木　啓子,,,,,,,,,,,,,,,,,,,,,,,,,,,,,,,,オンライン,,,,,,,,,,
駿河台,4,Y65D,年間集中(資),土,,,,,○,,教）教育実習Ⅰ,履修登録の際は，左記の曜日・時限のコマから当該科目を選択すること。,柴山　英樹,黒田　友紀,,,,,,,,,,,,,,,,,,,,,,,,,,,,,,,授業実施場所は別途連絡,,,,,,,,,,
駿河台,4,Y65E,年間集中(資),土,,,,,○,,教）教育実習Ⅱ,履修登録の際は，左記の曜日・時限のコマから当該科目を選択すること。,柴山　英樹,黒田　友紀,,,,,,,,,,,,,,,,,,,,,,,,,,,,,,,授業実施場所は別途連絡,,,,,,,,,,
駿河台,4,Y65F,年間集中(資),土,,,,,○,,教）教育実習事前・事後指導,３年次後期（11月）から実施／教育実習を実施する年度に履修登録すること／履修登録の際は，左記の曜日・時限のコマから当該科目を選択すること。,大久保　尚紀,久保田　直樹,齋藤　洋樹,大越　健斗　,柴山　英樹,黒田　友紀,,,,,,,,,,,,,,,,,,,,,,,,,,,授業実施場所は別途連絡,,,,,,,,,,
駿河台,4,Y65G,年隔集中(資),土,,,,,○,,学）博物館実習C（館園）,履修登録の際は，左記の曜日・時限のコマから当該科目を選択すること。,伊豆原　月絵,,,,,,,,,,,,,,,,,,,,,,,,,,,,,,,,授業実施場所は別途連絡,,,,,,,,,,
駿河台,4,Y65H,後期集中(資),土,,,,,○,,教）教職実践演習（中・高）,集中授業（詳細な日程は別途掲示）／履修登録の際は，左記の曜日・時限のコマから当該科目を選択すること。,大久保　尚紀,柴山　英樹,黒田　友紀,大越　健斗　,,,,,,,,,,,,,,,,,,,,,,,,,,,,,授業実施場所は別途連絡,,,,,,,,,,
駿河台,5,T65F,後期,土,,,,,○,,日本を考える,再履修用科目／令和３年度以前入学者のみ履修できる科目／オンライン授業（オンデマンド）,中村　文紀,髙橋　亮輔,米田　哲也,,,,,,,,,,,,,,,,,,,,,,,,,,,,,,オンライン,,,,,,,,,,
船橋,1,S66A,後期,土,,,,,,○,スポーツⅠ,再履修用科目／オンライン授業（オンデマンド）,三木　二郎,,,,,,,,,,,,,,,,,,,,,,,,,,,,,,,,オンライン,,,,,,,,,,
船橋,5,S66B,前期,土,,,,,,○,自主創造の基礎１,再履修用科目／令和３年度以前入学者のみ履修できる科目／オンライン授業（オンデマンド）,武村　一雄,,,,,,,,,,,,,,,,,,,,,,,,,,,,,,,,オンライン,,,,,,,,,,
船橋,5,S66C,後期,土,,,,,,○,日本を考える,再履修用科目／令和３年度以前入学者のみ履修できる科目／オンライン授業（オンデマンド）,中村　文紀,髙橋　亮輔,米田　哲也,,,,,,,,,,,,,,,,,,,,,,,,,,,,,,オンライン,,,,,,,,,,
駿河台,2,T66A,前期,土,,,,,,○,自主創造の基礎,再履修用科目／オンライン授業（オンデマンド）,髙橋　亮輔,中村　文紀,大宅　淳一,,,,,,,,,,,,,,,,,,,,,,,,,,,,,,オンライン,,,,,,,,,,
駿河台,3,T66B,前期,土,,,,,,○,English Communication Ⅰ,オンライン授業（オンデマンド）,Ｒ．Ｈ．ジョーンズ,,,,,,,,,,,,,,,,,,,,,,,,,,,,,,,,オンライン,,,,,,,,,,
駿河台,3,T66C,前期,土,,,,,,○,英語ⅢA,オンライン授業（オンデマンド）,森　晴代,,,,,,,,,,,,,,,,,,,,,,,,,,,,,,,,オンライン,,,,,,,,,,
駿河台,3,T66D,後期,土,,,,,,○,English Communication Ⅱ,オンライン授業（オンデマンド）,Ｒ．Ｈ．ジョーンズ,,,,,,,,,,,,,,,,,,,,,,,,,,,,,,,,オンライン,,,,,,,,,,
駿河台,3,T66E,後期,土,,,,,,○,英語ⅢB,オンライン授業（オンデマンド）,森　晴代,,,,,,,,,,,,,,,,,,,,,,,,,,,,,,,,オンライン,,,,,,,,,,
駿河台,4,W66A,後期,土,,,,,,○,英語特殊講義A,オンライン授業（オンデマンド）,秋庭　大悟,,,,,,,,,,,,,,,,,,,,,,,,,,,,,,,,オンライン,,,,,,,,,,
駿河台,4,W66B,後期,土,,,,,,○,英語特殊講義B,オンライン授業（オンデマンド）,丸　聡弘,,,,,,,,,,,,,,,,,,,,,,,,,,,,,,,,オンライン,,,,,,,,,,
駿河台,5,T65E,前期,土,,,,,,○,自主創造の基礎１,再履修用科目／令和３年度以前入学者のみ履修できる科目／オンライン授業（オンデマンド）,武村　一雄,,,,,,,,,,,,,,,,,,,,,,,,,,,,,,,,オンライン,,,,,,,,,,
駿河台,5,T66F,後期,土,,,,,,○,自主創造の基礎２,再履修用科目／令和３年度以前入学者のみ履修できる科目／オンライン授業（オンデマンド）,坂元　啓紀,沖　和磨,柳　武司,,,,,,,,,,,,,,,,,,,,,,,,,,,,,,オンライン,,,,,,,,,,